"ID","PUNITIVO","SEXO","EDAD","IDEOLOGIA","VICTIMA","RELIGION","ANO"
14110154,"1","1",41,5,"0","1",2014
14110207,"1","0",40,6,"0","10",2014
14111187,"1","0",35,10,"0","5",2014
14110151,"1","0",52,6,"0","1",2014
14111382,"1","0",54,5,"1","1",2014
14110381,"1","1",34,5,"1","1",2014
14110508,"1","0",37,5,"0","5",2014
14110438,"1","0",38,5,"0","1",2014
14110205,"1","0",29,7,"1","1",2014
14111334,"1","0",35,6,"0","1",2014
14111299,"1","1",68,6,"0","1",2014
14110434,"1","1",31,9,"0","1",2014
14111388,"1","1",23,4,"0","1",2014
14111385,"0","1",49,2,"0","1",2014
14111182,"1","1",28,1,"0","5",2014
14110155,"0","1",21,6,"1","1",2014
14110152,"1","1",54,10,"1","1",2014
14110236,"0","1",38,6,"0","1",2014
14111324,"1","1",72,6,"0","1",2014
14111322,"0","1",40,5,"0","1",2014
14111342,"1","0",41,6,"0","1",2014
14110443,"0","1",20,8,"0","1",2014
14110156,"1","0",33,5,"0","1",2014
14110145,"0","1",41,4,"0","1",2014
14110146,"0","0",50,5,"0","1",2014
14110512,"1","0",71,5,"0","1",2014
14110209,"1","0",55,4,"1","5",2014
14110211,"1","0",23,4,"0","1",2014
14111302,"0","0",80,5,"0","1",2014
14110516,"1","0",29,5,"0","1",2014
14110375,"1","0",49,5,"0","1",2014
14110210,"0","1",49,5,"1","1",2014
14110150,"1","0",22,9,"0","1",2014
14110435,"1","1",29,7,"1","1",2014
14110096,"0","0",74,7,"0","1",2014
14111188,"0","0",65,5,"0","5",2014
14111181,"1","0",56,10,"0","5",2014
14110340,"1","1",53,5,"0","5",2014
14110086,"1","0",69,4,"0","1",2014
14110653,"1","1",33,8,"0","5",2014
14110148,"1","1",53,8,"1","1",2014
14110496,"1","1",44,7,"0","1",2014
14110433,"0","0",68,5,"0","1",2014
14111321,"1","0",22,5,"0","4",2014
14111329,"0","1",59,3,"0","1",2014
14110153,"1","0",24,5,"0","1",2014
14110436,"1","1",54,6,"0","5",2014
14110382,"1","1",64,5,"0","1",2014
14110440,"1","0",36,6,"0","1",2014
14110654,"1","0",65,7,"0","1",2014
14110092,"1","1",22,6,"0","1",2014
14110339,"0","1",50,4,"1","5",2014
14111303,"0","1",34,5,"0","1",2014
14110316,"1","1",60,10,"0","1",2014
14110214,"1","1",37,3,"1","10",2014
14110247,"1","1",78,5,"0","1",2014
14110332,"1","1",64,2,"0","1",2014
14110231,"1","0",66,10,"0","5",2014
14111306,"0","0",51,7,"0","2",2014
14110249,"0","0",27,4,"0","1",2014
14111335,"1","0",48,6,"0","1",2014
14110441,"1","0",53,2,"0","1",2014
14111338,"0","1",29,7,"0","4",2014
14111339,"0","0",56,9,"0","4",2014
14110509,"1","0",49,5,"0","1",2014
14110056,"0","0",40,4,"0","1",2014
14110227,"1","0",41,5,"0","5",2014
14110213,"0","0",41,5,"1","6",2014
14110658,"1","0",32,5,"0","1",2014
14110215,"1","1",47,5,"0","5",2014
14111381,"1","1",27,10,"0","1",2014
14111390,"1","0",37,5,"0","1",2014
14110085,"1","1",49,4,"0","1",2014
14110089,"0","1",40,3,"0","1",2014
14110225,"1","1",64,6,"0","1",2014
14110345,"1","1",48,8,"0","5",2014
14110442,"0","1",40,6,"0","1",2014
14110344,"0","1",64,8,"0","1",2014
14110359,"1","1",49,4,"0","1",2014
14110095,"1","1",60,5,"0","1",2014
14110088,"0","0",18,4,"0","1",2014
14110343,"1","1",41,10,"1","1",2014
14110093,"1","0",18,7,"0","2",2014
14110321,"1","0",27,7,"0","1",2014
14111240,"1","0",45,5,"0","1",2014
14110326,"1","0",36,2,"1","1",2014
14110629,"1","1",25,5,"1","1",2014
14111330,"0","1",26,1,"1","1",2014
14111242,"1","1",32,6,"1","1",2014
14111177,"1","0",26,10,"0","5",2014
14110349,"1","0",35,5,"0","1",2014
14110495,"1","0",19,4,"0","1",2014
14110239,"1","1",70,9,"0","1",2014
14110329,"1","1",20,3,"0","1",2014
14110330,"1","1",40,2,"0","1",2014
14110357,"1","1",20,3,"0","1",2014
14110394,"1","1",33,4,"0","4",2014
14110385,"1","0",36,9,"0","1",2014
14110628,"1","1",32,1,"0","1",2014
14111337,"0","1",68,6,"0","1",2014
14110320,"0","0",40,6,"0","1",2014
14110242,"0","1",51,5,"1","1",2014
14110390,"1","1",32,10,"0","1",2014
14110049,"1","0",50,8,"0","1",2014
14110012,"1","1",64,7,"0","1",2014
14110347,"1","0",24,1,"0","1",2014
14110319,"0","1",55,4,"0","1",2014
14110324,"1","1",29,5,"0","1",2014
14110317,"1","0",70,9,"0","2",2014
14110342,"0","0",22,4,"0","5",2014
14110510,"0","0",18,7,"0","1",2014
14110386,"1","0",49,10,"1","1",2014
14110384,"1","1",22,4,"0","1",2014
14110346,"1","0",37,1,"0","1",2014
14110334,"1","0",19,4,"0","5",2014
14110657,"0","0",30,8,"0","1",2014
14110649,"1","1",79,10,"0","10",2014
14111402,"1","0",65,5,"0","5",2014
14110377,"1","1",42,6,"0","1",2014
14110003,"0","1",35,6,"0","1",2014
14110237,"1","0",29,4,"1","1",2014
14110224,"1","1",39,5,"0","1",2014
14110631,"1","0",31,5,"0","1",2014
14110634,"0","1",20,5,"0","5",2014
14110149,"0","1",21,5,"0","1",2014
14110186,"0","1",37,2,"0","4",2014
14110393,"0","0",34,1,"0","5",2014
14110331,"1","0",52,5,"1","1",2014
14110651,"1","0",24,10,"0","1",2014
14110228,"0","1",26,1,"0","1",2014
14110336,"1","0",25,5,"0","1",2014
14111307,"1","0",24,5,"1","1",2014
14110494,"0","1",33,5,"0","1",2014
14110087,"1","0",35,5,"0","1",2014
14110252,"1","1",24,5,"0","1",2014
14110636,"1","0",60,5,"0","1",2014
14111305,"1","0",45,3,"0","1",2014
14111183,"1","0",27,3,"0","5",2014
14111403,"1","0",34,5,"0","5",2014
14110389,"1","0",19,5,"1","5",2014
14110185,"0","1",27,6,"0","1",2014
14110325,"1","1",56,2,"0","1",2014
14110094,"1","0",44,1,"0","1",2014
14110183,"1","1",47,5,"0","1",2014
14110335,"1","1",36,2,"1","1",2014
14110514,"1","1",36,7,"0","1",2014
14110515,"0","0",31,5,"0","1",2014
14110439,"1","0",22,9,"1","1",2014
14110652,"1","0",30,7,"0","1",2014
14110221,"0","1",25,3,"1","1",2014
14110635,"0","1",63,5,"0","1",2014
14111186,"0","1",76,10,"1","1",2014
14110313,"1","1",39,9,"0","1",2014
14111246,"1","0",77,6,"0","1",2014
14110007,"0","0",49,5,"0","1",2014
14110655,"1","0",54,2,"0","1",2014
14110395,"1","0",46,5,"0","1",2014
14110352,"0","0",49,5,"0","1",2014
14110315,"1","0",44,3,"0","1",2014
14110004,"1","0",22,5,"0","1",2014
14110493,"0","0",54,9,"0","5",2014
14111394,"0","1",55,9,"0","1",2014
14111389,"0","1",51,8,"0","1",2014
14111178,"1","1",39,10,"1","5",2014
14111298,"0","1",32,3,"0","1",2014
14110050,"1","0",32,6,"0","1",2014
14110233,"1","1",28,4,"0","1",2014
14110059,"1","1",39,10,"0","1",2014
14111301,"0","1",28,7,"1","10",2014
14110090,"0","1",23,4,"0","1",2014
14110327,"1","0",20,5,"0","1",2014
14110229,"1","0",32,8,"0","1",2014
14111341,"1","1",26,7,"0","1",2014
14110053,"1","1",20,8,"1","1",2014
14111237,"1","0",30,2,"0","1",2014
14110008,"1","1",35,5,"0","1",2014
14110656,"1","1",22,5,"0","1",2014
14110011,"1","1",26,5,"0","1",2014
14110248,"1","0",34,4,"0","1",2014
14110437,"1","0",27,7,"0","1",2014
14111179,"1","1",56,8,"0","5",2014
14111400,"1","1",22,5,"0","1",2014
14110627,"0","1",63,1,"1","1",2014
14111347,"1","0",26,5,"0","1",2014
14110189,"1","1",21,5,"0","1",2014
14110333,"0","1",20,4,"1","5",2014
14110506,"1","1",34,8,"1","1",2014
14111297,"1","0",38,10,"1","1",2014
14111245,"1","0",37,6,"0","1",2014
14111331,"1","0",45,7,"0","1",2014
14110353,"1","1",48,7,"0","1",2014
14111401,"0","0",24,7,"0","1",2014
14111393,"1","0",23,8,"0","5",2014
14110323,"1","1",43,4,"0","1",2014
14111396,"0","1",24,5,"0","1",2014
14110504,"1","0",20,5,"0","5",2014
14111349,"0","1",21,6,"0","1",2014
14110220,"1","1",58,10,"1","5",2014
14111185,"0","1",32,5,"1","4",2014
14111241,"1","1",20,8,"0","1",2014
14110338,"1","1",22,4,"0","5",2014
14110060,"0","1",26,3,"0","1",2014
14111397,"1","1",43,8,"1","1",2014
14110328,"0","0",48,3,"0","1",2014
14110190,"0","1",35,4,"0","1",2014
14110217,"0","1",31,10,"1","5",2014
14110188,"1","0",22,9,"0","5",2014
14110356,"1","0",28,6,"0","1",2014
14110245,"1","1",26,5,"0","1",2014
14110051,"1","1",35,6,"1","10",2014
14111184,"0","1",21,8,"0","1",2014
14111248,"1","1",27,5,"1","4",2014
14110387,"1","1",18,3,"1","1",2014
14110633,"1","0",24,5,"0","1",2014
14110659,"1","1",45,4,"0","1",2014
14111300,"0","0",18,4,"1","1",2014
14110250,"1","1",38,5,"0","1",2014
14111336,"0","1",45,10,"0","1",2014
14110625,"0","0",24,2,"0","5",2014
14110240,"1","1",19,5,"0","1",2014
14110354,"1","1",37,8,"0","1",2014
14110388,"1","1",56,3,"1","1",2014
14110192,"0","0",53,4,"0","1",2014
14110632,"0","1",43,5,"0","1",2014
14111308,"1","1",29,5,"1","1",2014
14111352,"0","1",32,5,"1","2",2014
14111333,"0","0",22,9,"0","4",2014
14110350,"1","0",27,3,"0","4",2014
14111344,"0","0",26,6,"0","1",2014
14110318,"0","1",26,4,"0","1",2014
14110246,"0","1",42,5,"0","1",2014
14110181,"0","0",54,2,"0","1",2014
14111243,"0","1",49,4,"1","5",2014
14111239,"0","1",51,4,"0","1",2014
14110982,"1","1",19,5,"1","1",2014
14110108,"0","1",36,7,"0","6",2014
14110835,"0","0",75,4,"1","1",2014
14111056,"1","1",22,4,"1","1",2014
14110776,"1","0",68,5,"0","5",2014
14111274,"1","1",19,5,"0","1",2014
14110369,"1","0",37,3,"0","1",2014
14110896,"1","1",65,3,"0","1",2014
14110736,"1","1",48,5,"0","1",2014
14110859,"0","1",43,6,"1","1",2014
14111311,"1","1",34,5,"1","5",2014
14111379,"1","1",29,6,"1","1",2014
14110723,"1","0",43,7,"0","1",2014
14110884,"1","1",20,9,"1","2",2014
14110410,"1","1",40,8,"0","1",2014
14111457,"0","0",26,10,"0","1",2014
14110253,"1","1",63,7,"0","1",2014
14110543,"1","1",70,3,"0","5",2014
14110613,"0","0",23,3,"0","1",2014
14111273,"0","1",47,5,"1","1",2014
14111216,"0","1",60,2,"0","1",2014
14111107,"1","1",30,3,"1","1",2014
14110134,"1","0",69,9,"0","5",2014
14110808,"1","0",22,6,"0","1",2014
14110710,"0","0",26,4,"0","2",2014
14110694,"1","1",61,3,"1","1",2014
14110824,"1","0",22,5,"1","1",2014
14111106,"1","1",55,5,"0","1",2014
14110984,"0","0",33,8,"1","1",2014
14110712,"1","0",38,5,"1","1",2014
14111438,"0","0",42,7,"0","1",2014
14110800,"1","0",50,8,"0","1",2014
14110582,"0","1",23,2,"1","1",2014
14110684,"1","0",47,4,"0","1",2014
14110939,"1","1",56,5,"1","3",2014
14111035,"0","1",64,5,"1","1",2014
14110989,"0","0",30,3,"1","1",2014
14111028,"1","0",51,8,"0","5",2014
14111088,"1","1",25,4,"0","1",2014
14110920,"0","1",34,3,"0","1",2014
14110289,"1","1",21,8,"1","1",2014
14111101,"1","1",24,5,"0","2",2014
14111073,"0","0",20,5,"0","1",2014
14110914,"0","1",25,6,"1","1",2014
14110567,"1","1",26,6,"1","1",2014
14111206,"1","0",45,7,"0","1",2014
14110661,"0","0",46,4,"1","1",2014
14110569,"0","0",44,5,"0","1",2014
14110866,"1","0",31,6,"1","1",2014
14110361,"1","1",49,3,"1","1",2014
14110254,"1","0",71,8,"0","1",2014
14110623,"1","1",21,10,"0","1",2014
14110579,"1","0",38,8,"0","1",2014
14110988,"1","1",39,8,"1","1",2014
14110830,"0","0",56,7,"0","5",2014
14110163,"0","1",34,2,"0","1",2014
14110167,"0","0",52,1,"0","5",2014
14110738,"0","1",42,3,"1","5",2014
14110542,"1","1",28,3,"0","1",2014
14110138,"1","1",25,6,"0","6",2014
14110992,"1","1",27,3,"1","10",2014
14110528,"1","1",40,6,"0","1",2014
14111200,"1","0",39,7,"0","1",2014
14110607,"1","0",33,5,"1","1",2014
14111053,"0","1",69,6,"0","1",2014
14111466,"0","0",21,5,"0","1",2014
14110991,"1","0",19,6,"1","2",2014
14110162,"0","1",54,5,"0","1",2014
14111151,"0","1",48,5,"1","1",2014
14110976,"1","1",53,4,"1","1",2014
14110671,"0","1",54,6,"0","1",2014
14110854,"0","1",25,5,"0","1",2014
14110885,"1","0",24,5,"0","1",2014
14110587,"1","0",63,10,"0","1",2014
14110372,"1","1",35,6,"0","1",2014
14111269,"0","1",21,7,"0","1",2014
14110686,"1","1",19,7,"1","5",2014
14110829,"1","1",39,6,"1","1",2014
14110013,"1","1",57,9,"0","1",2014
14110672,"0","0",42,5,"1","1",2014
14110255,"0","1",39,7,"1","1",2014
14111319,"1","0",46,4,"0","1",2014
14110036,"1","1",23,3,"1","1",2014
14110473,"1","1",22,5,"0","9",2014
14110893,"1","0",74,4,"0","1",2014
14110274,"1","0",36,3,"1","1",2014
14110599,"1","1",39,6,"1","1",2014
14111015,"1","1",24,5,"0","1",2014
14110967,"1","0",39,7,"0","1",2014
14111257,"1","1",28,5,"0","1",2014
14110101,"0","0",58,5,"1","1",2014
14110589,"1","0",40,10,"0","1",2014
14111271,"0","1",58,10,"0","1",2014
14111436,"1","1",71,8,"0","1",2014
14110588,"1","1",70,2,"0","1",2014
14111036,"1","0",41,5,"0","1",2014
14110171,"1","1",36,6,"0","1",2014
14111292,"1","0",68,6,"1","1",2014
14110026,"0","0",18,8,"0","1",2014
14110719,"0","0",53,8,"0","1",2014
14110949,"1","1",30,2,"0","1",2014
14110104,"1","0",59,5,"0","1",2014
14110860,"1","0",62,6,"0","1",2014
14110766,"1","0",41,5,"1","1",2014
14111425,"0","1",38,9,"0","5",2014
14111350,"1","0",35,1,"0","1",2014
14110957,"0","1",69,5,"0","1",2014
14111291,"1","0",40,5,"0","1",2014
14110102,"1","0",30,3,"0","1",2014
14110961,"1","0",25,9,"0","1",2014
14111220,"0","0",27,5,"0","1",2014
14110180,"0","0",46,9,"0","1",2014
14111361,"0","0",26,1,"0","1",2014
14110833,"1","0",26,3,"1","1",2014
14110041,"0","0",23,6,"1","5",2014
14110264,"1","1",19,5,"1","1",2014
14110740,"1","0",48,6,"1","1",2014
14110691,"1","0",38,6,"1","1",2014
14110962,"1","1",24,7,"0","1",2014
14110804,"0","0",18,4,"0","10",2014
14110266,"1","0",57,7,"0","1",2014
14110129,"1","0",50,8,"1","1",2014
14110803,"0","1",35,6,"0","1",2014
14110838,"0","0",21,5,"1","1",2014
14111454,"1","1",19,4,"1","1",2014
14110268,"0","1",26,5,"1","1",2014
14110526,"1","0",26,6,"0","1",2014
14110063,"1","0",51,7,"1","1",2014
14110047,"1","1",41,6,"0","5",2014
14110106,"1","0",40,7,"0","1",2014
14110299,"1","0",29,5,"0","1",2014
14110925,"0","1",40,8,"0","1",2014
14110916,"1","1",71,6,"0","1",2014
14111049,"1","1",57,8,"0","4",2014
14111017,"1","0",70,5,"1","9",2014
14111089,"1","0",46,7,"0","1",2014
14110897,"1","1",25,6,"0","1",2014
14111272,"1","0",19,3,"0","1",2014
14110034,"1","0",43,6,"0","1",2014
14111420,"0","0",50,5,"0","1",2014
14111481,"1","1",45,5,"0","1",2014
14110294,"0","0",38,8,"0","1",2014
14111042,"1","1",20,7,"0","2",2014
14111136,"0","0",21,6,"0","1",2014
14111052,"0","0",49,6,"0","1",2014
14110637,"1","0",26,3,"1","1",2014
14110458,"0","0",24,5,"1","5",2014
14110276,"0","1",24,7,"0","1",2014
14111282,"1","0",19,7,"1","1",2014
14110807,"0","1",33,7,"0","1",2014
14110995,"1","0",74,5,"1","1",2014
14111171,"1","0",32,5,"0","6",2014
14111148,"1","1",19,4,"1","1",2014
14111016,"1","0",20,5,"0","1",2014
14110421,"0","1",44,6,"0","1",2014
14110706,"1","0",41,7,"0","1",2014
14110717,"1","1",40,6,"0","1",2014
14110364,"0","0",27,4,"1","1",2014
14111497,"0","1",27,5,"1","5",2014
14111150,"0","0",53,5,"1","1",2014
14110787,"1","1",42,5,"0","5",2014
14111050,"1","0",81,5,"0","1",2014
14111095,"0","0",40,5,"0","1",2014
14110030,"0","1",28,4,"0","5",2014
14110619,"1","0",35,5,"0","1",2014
14110983,"1","0",52,5,"0","1",2014
14110302,"1","1",27,10,"0","1",2014
14110812,"1","0",46,1,"0","1",2014
14110887,"1","0",53,7,"1","1",2014
14111358,"0","1",49,1,"0","1",2014
14111013,"1","0",69,8,"0","1",2014
14111008,"1","0",19,5,"1","1",2014
14110305,"1","1",37,7,"0","2",2014
14110267,"0","0",36,5,"1","5",2014
14110801,"1","1",64,5,"0","1",2014
14110618,"0","1",31,6,"0","1",2014
14111086,"1","0",41,5,"0","1",2014
14110018,"1","1",40,5,"0","1",2014
14111069,"0","1",64,5,"0","1",2014
14110303,"1","0",40,3,"0","2",2014
14111221,"0","0",55,5,"1","5",2014
14110261,"1","0",42,2,"0","1",2014
14111449,"1","1",23,7,"0","4",2014
14110853,"1","0",23,5,"1","1",2014
14110780,"0","1",38,5,"1","1",2014
14110840,"0","1",27,6,"0","1",2014
14110196,"1","1",44,7,"1","1",2014
14111054,"1","0",25,6,"1","1",2014
14110647,"1","1",45,6,"0","1",2014
14110432,"1","0",57,10,"0","1",2014
14110279,"1","1",29,2,"1","1",2014
14110718,"1","0",43,7,"0","1",2014
14110447,"1","0",65,10,"0","1",2014
14110404,"1","0",35,10,"1","1",2014
14110481,"0","1",42,4,"1","5",2014
14110114,"1","1",49,7,"0","1",2014
14110080,"0","0",30,8,"1","1",2014
14110902,"1","0",36,6,"1","1",2014
14110662,"0","0",36,8,"1","1",2014
14110296,"1","0",68,8,"0","1",2014
14111201,"1","1",64,7,"0","1",2014
14110757,"1","1",33,1,"1","1",2014
14110366,"1","0",51,5,"1","5",2014
14110117,"1","0",39,7,"0","1",2014
14111287,"1","0",34,8,"1","1",2014
14110851,"1","1",57,7,"0","5",2014
14111140,"0","1",74,5,"0","1",2014
14111267,"0","0",49,7,"1","1",2014
14111129,"1","0",36,1,"0","4",2014
14110985,"1","1",27,5,"0","1",2014
14111091,"1","1",56,5,"0","1",2014
14110828,"1","1",66,7,"1","1",2014
14110969,"0","1",79,10,"1","1",2014
14110975,"1","0",46,9,"0","1",2014
14110115,"1","1",53,3,"0","1",2014
14110753,"0","0",73,5,"1","1",2014
14110128,"0","1",48,2,"0","1",2014
14111224,"1","1",42,5,"0","1",2014
14110558,"1","1",36,2,"0","1",2014
14110970,"1","0",25,7,"1","1",2014
14110918,"1","0",25,4,"1","1",2014
14110968,"1","1",22,1,"1","1",2014
14111370,"0","1",52,5,"1","1",2014
14110645,"0","0",28,4,"1","1",2014
14111376,"0","1",41,6,"0","1",2014
14111027,"0","1",60,5,"0","1",2014
14110290,"1","1",48,5,"0","1",2014
14110023,"1","1",31,4,"1","1",2014
14110602,"1","1",21,6,"0","2",2014
14111023,"0","0",20,6,"1","1",2014
14110669,"1","0",60,10,"0","1",2014
14110116,"1","1",34,4,"1","1",2014
14111156,"1","0",47,5,"1","1",2014
14110271,"1","0",20,4,"1","5",2014
14111115,"1","1",46,5,"0","1",2014
14111418,"0","0",19,6,"0","1",2014
14110958,"0","1",45,5,"1","1",2014
14111202,"1","0",56,5,"0","1",2014
14111452,"0","1",42,8,"0","1",2014
14111081,"1","0",25,6,"0","1",2014
14110460,"1","1",33,5,"0","1",2014
14111374,"1","0",45,5,"0","1",2014
14111421,"1","1",69,10,"1","1",2014
14110311,"1","1",31,4,"0","1",2014
14111378,"1","1",52,5,"0","1",2014
14111258,"1","1",66,8,"1","1",2014
14110048,"0","0",51,5,"0","10",2014
14110921,"0","1",22,3,"0","1",2014
14110861,"0","1",76,3,"0","1",2014
14110136,"1","0",26,5,"0","1",2014
14110894,"0","1",42,4,"0","1",2014
14111092,"1","1",41,7,"0","1",2014
14110690,"1","1",32,7,"0","1",2014
14110904,"1","1",28,3,"1","1",2014
14110794,"1","0",19,6,"0","1",2014
14110761,"1","1",51,5,"0","1",2014
14111213,"1","1",26,3,"1","1",2014
14110842,"0","1",60,6,"1","1",2014
14110021,"0","0",34,7,"0","1",2014
14111022,"1","1",45,6,"0","1",2014
14110733,"1","0",45,5,"1","5",2014
14111290,"1","1",52,6,"0","1",2014
14110903,"1","1",39,6,"0","1",2014
14110685,"1","0",41,4,"1","1",2014
14111217,"0","0",33,6,"0","5",2014
14110109,"1","1",29,5,"0","1",2014
14110297,"1","0",36,5,"0","5",2014
14111405,"0","0",24,5,"0","1",2014
14110278,"0","1",56,5,"0","1",2014
14110639,"1","0",61,9,"1","1",2014
14110400,"1","1",36,6,"1","5",2014
14110818,"1","0",54,5,"0","1",2014
14111118,"1","0",25,6,"1","5",2014
14110663,"1","1",75,5,"1","1",2014
14110951,"0","1",52,10,"0","1",2014
14110614,"1","1",82,10,"0","1",2014
14110846,"1","1",30,6,"0","1",2014
14110725,"1","1",20,1,"0","1",2014
14110797,"1","0",42,6,"1","1",2014
14111434,"1","1",36,7,"0","2",2014
14110557,"0","1",24,4,"0","1",2014
14111235,"1","0",74,8,"0","1",2014
14110159,"0","0",31,5,"0","5",2014
14110079,"1","0",37,8,"0","1",2014
14110288,"0","1",43,10,"0","9",2014
14110367,"1","0",55,4,"0","1",2014
14110917,"1","0",36,6,"0","1",2014
14110476,"0","0",19,6,"1","10",2014
14110069,"1","0",38,6,"1","1",2014
14110843,"1","0",57,6,"0","5",2014
14110608,"0","1",20,7,"0","1",2014
14111419,"1","1",23,7,"0","1",2014
14110201,"0","1",41,1,"0","1",2014
14110850,"1","0",23,5,"0","1",2014
14111097,"0","1",31,5,"0","1",2014
14110667,"0","0",30,5,"0","1",2014
14110033,"1","1",38,5,"1","5",2014
14110972,"1","1",45,1,"1","1",2014
14110078,"1","0",54,3,"0","1",2014
14110304,"1","1",52,4,"0","1",2014
14110624,"1","1",45,7,"1","1",2014
14111065,"1","1",19,8,"0","1",2014
14111161,"1","1",33,9,"0","1",2014
14111268,"0","1",44,7,"0","1",2014
14111030,"1","1",36,5,"1","1",2014
14110912,"0","1",65,6,"0","1",2014
14111485,"1","0",45,5,"0","2",2014
14110905,"0","0",29,7,"0","1",2014
14110987,"0","1",49,5,"1","1",2014
14110979,"1","1",31,1,"1","1",2014
14110841,"0","0",37,7,"1","1",2014
14110172,"1","0",45,5,"0","1",2014
14110577,"1","1",64,5,"0","1",2014
14110711,"1","0",69,9,"0","3",2014
14110773,"1","0",31,9,"1","1",2014
14111289,"1","1",44,5,"0","1",2014
14110622,"0","0",46,10,"0","1",2014
14111474,"0","1",27,2,"1","1",2014
14110751,"1","0",19,3,"1","2",2014
14111264,"1","0",38,5,"0","1",2014
14110177,"1","1",70,3,"0","1",2014
14111039,"1","0",29,6,"0","1",2014
14111499,"1","1",42,5,"1","6",2014
14111149,"1","0",22,6,"1","1",2014
14111169,"0","0",33,7,"0","1",2014
14110638,"1","1",62,5,"1","4",2014
14110583,"0","0",38,8,"0","1",2014
14111498,"0","1",65,8,"0","1",2014
14110517,"1","1",21,4,"0","1",2014
14111122,"1","0",52,5,"1","1",2014
14110868,"1","1",26,5,"0","1",2014
14110016,"1","0",31,5,"0","1",2014
14111038,"1","0",29,5,"1","1",2014
14110590,"1","0",21,2,"1","3",2014
14110771,"0","0",56,5,"0","1",2014
14110993,"0","1",66,5,"0","1",2014
14111409,"0","1",22,10,"0","1",2014
14110111,"1","0",20,6,"1","1",2014
14110480,"0","1",22,3,"0","5",2014
14110679,"0","1",24,6,"0","1",2014
14111001,"1","1",41,4,"1","1",2014
14110099,"1","1",54,6,"0","1",2014
14110139,"1","1",32,6,"0","1",2014
14110941,"1","1",20,4,"0","1",2014
14110664,"1","0",29,5,"1","1",2014
14111477,"1","1",18,6,"0","1",2014
14110811,"1","0",34,7,"0","10",2014
14110774,"1","1",64,5,"0","1",2014
14111373,"0","0",19,5,"0","1",2014
14111296,"0","1",41,6,"0","1",2014
14110938,"1","0",27,6,"0","1",2014
14111435,"1","0",29,8,"0","5",2014
14110283,"0","1",66,7,"0","1",2014
14110541,"1","0",43,5,"1","1",2014
14111469,"0","1",59,5,"0","6",2014
14111048,"1","1",42,5,"1","1",2014
14111487,"1","1",20,8,"0","1",2014
14110763,"0","1",20,6,"1","1",2014
14110940,"1","0",57,5,"0","6",2014
14110165,"1","1",28,7,"0","1",2014
14110122,"1","0",53,4,"0","1",2014
14110689,"1","0",61,7,"1","1",2014
14110795,"0","1",55,6,"0","1",2014
14110179,"1","1",43,4,"0","5",2014
14110826,"1","0",34,5,"1","1",2014
14110545,"1","1",44,2,"0","1",2014
14111429,"0","1",46,7,"1","5",2014
14111293,"1","1",26,6,"1","1",2014
14110310,"0","0",53,3,"0","1",2014
14110680,"0","0",24,6,"1","1",2014
14110734,"0","0",27,10,"1","1",2014
14111315,"0","1",61,2,"0","1",2014
14110365,"1","0",34,4,"0","1",2014
14110256,"1","0",45,5,"0","1",2014
14111253,"1","0",19,3,"0","1",2014
14111252,"1","1",38,1,"0","1",2014
14111411,"0","0",53,2,"1","1",2014
14111083,"0","0",55,9,"0","1",2014
14110953,"1","0",52,10,"1","1",2014
14110368,"1","1",24,4,"1","5",2014
14111312,"0","1",21,6,"0","1",2014
14110166,"1","0",45,4,"0","1",2014
14110756,"1","1",33,5,"1","1",2014
14110300,"1","1",29,2,"1","5",2014
14110955,"1","0",25,6,"1","1",2014
14110765,"1","1",31,6,"0","1",2014
14110164,"1","0",25,3,"0","1",2014
14111357,"0","1",31,8,"1","1",2014
14110857,"0","1",35,5,"0","1",2014
14111162,"1","1",22,5,"1","1",2014
14110610,"0","0",54,5,"1","1",2014
14110878,"0","0",40,5,"0","1",2014
14110594,"1","1",38,5,"0","1",2014
14110707,"1","1",48,7,"0","5",2014
14110880,"1","1",20,6,"0","1",2014
14110286,"1","0",32,9,"1","1",2014
14111450,"0","0",25,5,"0","1",2014
14110666,"1","1",25,7,"0","1",2014
14111199,"1","1",40,8,"1","4",2014
14110670,"1","1",22,4,"0","4",2014
14110461,"1","1",26,8,"0","1",2014
14110107,"1","0",28,4,"0","1",2014
14110402,"1","1",28,6,"0","1",2014
14110971,"0","0",60,10,"0","1",2014
14111211,"1","0",20,8,"0","1",2014
14110548,"0","1",43,5,"0","1",2014
14111493,"1","0",39,4,"0","1",2014
14110978,"0","1",19,6,"1","1",2014
14110994,"1","0",40,8,"0","10",2014
14111085,"0","1",22,4,"0","1",2014
14111260,"1","1",45,8,"0","1",2014
14110025,"1","1",50,5,"1","1",2014
14111326,"1","1",29,7,"0","1",2014
14111019,"0","1",71,5,"1","1",2014
14111430,"1","0",30,6,"0","5",2014
14110586,"1","0",23,6,"0","1",2014
14111455,"1","0",75,10,"0","1",2014
14111294,"1","1",46,6,"0","1",2014
14110144,"1","1",48,3,"1","1",2014
14111318,"0","1",19,5,"0","1",2014
14111026,"0","1",67,6,"0","1",2014
14110489,"0","1",53,4,"0","1",2014
14110721,"1","0",59,7,"0","2",2014
14110045,"0","0",29,5,"0","1",2014
14110169,"1","0",38,2,"1","5",2014
14110858,"1","0",40,6,"1","1",2014
14110888,"1","1",37,8,"0","1",2014
14110454,"1","0",60,9,"0","1",2014
14110996,"1","1",34,5,"0","1",2014
14111155,"1","1",36,1,"1","1",2014
14110834,"1","1",49,10,"1","1",2014
14110883,"0","1",58,5,"0","1",2014
14110802,"0","0",38,8,"1","1",2014
14111280,"1","1",20,4,"1","1",2014
14110963,"0","1",45,2,"0","1",2014
14111468,"0","1",26,1,"1","5",2014
14111167,"1","0",48,7,"1","1",2014
14110453,"1","1",27,3,"0","1",2014
14110872,"0","1",22,4,"0","1",2014
14111114,"0","1",20,6,"1","9",2014
14111286,"1","0",23,5,"1","1",2014
14111100,"1","1",42,5,"1","1",2014
14110258,"1","1",28,1,"1","1",2014
14111051,"1","0",39,6,"1","1",2014
14111119,"1","0",36,4,"0","1",2014
14111445,"0","1",19,7,"0","1",2014
14110767,"1","1",46,5,"0","1",2014
14111250,"1","1",54,1,"0","5",2014
14110943,"1","1",42,6,"0","1",2014
14111094,"1","0",26,5,"0","1",2014
14110796,"1","1",23,4,"1","5",2014
14111189,"1","1",22,5,"0","4",2014
14110646,"0","0",40,5,"0","1",2014
14110891,"1","1",20,3,"1","2",2014
14111472,"1","0",59,6,"0","1",2014
14110199,"0","1",20,6,"0","1",2014
14110617,"1","0",56,6,"1","5",2014
14110488,"1","1",19,4,"0","1",2014
14110977,"0","0",22,6,"1","1",2014
14111285,"1","1",24,4,"1","1",2014
14110913,"1","1",34,5,"0","1",2014
14110420,"1","1",19,3,"0","1",2014
14111412,"1","1",82,3,"0","5",2014
14110265,"0","1",49,8,"1","6",2014
14111012,"0","0",29,5,"0","1",2014
14110900,"0","0",43,7,"0","2",2014
14110580,"0","0",47,1,"0","1",2014
14110519,"1","1",54,3,"0","1",2014
14110470,"0","1",69,5,"0","1",2014
14111360,"0","1",20,3,"1","1",2014
14110040,"0","0",53,7,"0","5",2014
14110700,"0","1",60,10,"0","1",2014
14110640,"1","0",31,4,"0","1",2014
14110398,"1","0",49,10,"1","1",2014
14111121,"0","1",56,5,"0","1",2014
14110173,"1","1",50,5,"0","1",2014
14110565,"1","1",32,5,"0","1",2014
14110641,"0","1",27,5,"0","1",2014
14111204,"1","0",30,6,"1","1",2014
14110132,"0","1",29,4,"1","1",2014
14110898,"1","0",24,5,"1","1",2014
14110865,"0","0",46,5,"1","1",2014
14111423,"1","1",20,6,"0","1",2014
14110143,"1","0",31,5,"0","1",2014
14110127,"1","0",25,5,"0","1",2014
14111226,"1","0",42,10,"0","1",2014
14110923,"1","0",42,5,"1","1",2014
14111380,"1","0",65,5,"1","1",2014
14111205,"1","1",22,6,"1","1",2014
14110120,"1","1",21,8,"0","4",2014
14111261,"1","1",51,8,"0","1",2014
14110786,"1","0",24,4,"1","1",2014
14110291,"1","0",19,3,"1","1",2014
14110417,"1","0",58,3,"0","2",2014
14110405,"1","0",46,5,"1","1",2014
14110692,"1","0",27,6,"0","1",2014
14110945,"1","1",24,5,"1","1",2014
14110817,"0","1",72,3,"1","1",2014
14111222,"0","1",25,5,"1","1",2014
14111102,"1","0",24,5,"1","1",2014
14110909,"0","1",37,5,"0","1",2014
14110124,"0","0",26,5,"0","1",2014
14110203,"0","0",53,1,"0","1",2014
14110024,"1","1",23,1,"1","4",2014
14111103,"0","0",44,5,"0","2",2014
14110157,"1","1",24,3,"1","1",2014
14110259,"1","0",63,5,"0","1",2014
14110428,"1","0",29,10,"0","1",2014
14110141,"0","1",30,6,"1","1",2014
14110864,"0","0",25,6,"0","1",2014
14110578,"0","0",30,7,"1","1",2014
14111484,"1","0",22,6,"1","2",2014
14111034,"1","0",74,3,"0","1",2014
14110643,"0","1",67,5,"0","1",2014
14110161,"0","1",37,5,"0","1",2014
14111362,"1","0",47,6,"0","1",2014
14110819,"1","0",30,5,"0","1",2014
14111489,"1","1",27,4,"0","1",2014
14111490,"0","0",25,5,"0","1",2014
14110611,"1","1",41,5,"0","1",2014
14111456,"0","1",69,3,"1","5",2014
14110789,"1","0",31,7,"0","1",2014
14110083,"0","0",61,4,"0","1",2014
14111431,"1","0",25,6,"0","4",2014
14111276,"0","0",24,6,"0","1",2014
14110964,"1","0",36,4,"0","1",2014
14111043,"0","0",36,7,"0","1",2014
14110262,"1","1",74,5,"1","1",2014
14110788,"0","1",63,4,"0","1",2014
14110791,"1","0",55,6,"1","1",2014
14111068,"1","1",46,6,"0","1",2014
14110708,"1","1",36,8,"1","5",2014
14110103,"1","1",23,5,"1","1",2014
14110561,"0","0",40,6,"1","1",2014
14110770,"1","0",25,4,"1","1",2014
14111002,"1","0",28,6,"1","1",2014
14111166,"1","0",30,6,"1","1",2014
14110722,"1","1",50,3,"0","1",2014
14111422,"1","1",33,5,"0","2",2014
14110277,"1","0",27,8,"0","1",2014
14110697,"1","0",32,7,"1","1",2014
14111152,"0","1",31,5,"1","1",2014
14110980,"0","0",49,3,"1","1",2014
14110798,"0","1",31,5,"0","1",2014
14110575,"0","1",70,6,"0","1",2014
14111441,"1","0",37,5,"0","1",2014
14110554,"1","0",22,6,"1","1",2014
14111371,"0","1",34,5,"0","1",2014
14110422,"1","1",30,7,"0","1",2014
14111093,"0","1",49,6,"0","1",2014
14111104,"0","1",73,5,"0","1",2014
14110620,"0","1",48,3,"0","1",2014
14110935,"0","0",57,2,"0","1",2014
14110284,"0","1",27,3,"1","1",2014
14111143,"0","1",36,6,"0","1",2014
14111195,"0","1",45,8,"0","2",2014
14111084,"1","1",34,7,"1","1",2014
14110031,"0","0",68,3,"1","1",2014
14111275,"0","0",40,5,"1","1",2014
14110847,"1","1",35,4,"0","1",2014
14111135,"1","0",32,5,"1","1",2014
14110779,"0","1",26,9,"1","1",2014
14111066,"1","0",25,4,"1","1",2014
14110899,"1","1",37,6,"0","1",2014
14111229,"1","1",45,9,"1","1",2014
14110140,"0","0",65,9,"0","1",2014
14111225,"0","1",83,9,"0","1",2014
14110716,"1","0",29,8,"0","1",2014
14110822,"1","1",18,4,"0","1",2014
14110682,"1","1",58,6,"1","1",2014
14110705,"1","0",23,8,"1","1",2014
14111064,"1","1",37,5,"0","1",2014
14110467,"1","1",33,4,"0","1",2014
14110175,"1","1",22,3,"1","1",2014
14111451,"1","1",59,5,"0","1",2014
14111482,"0","0",21,5,"0","1",2014
14111433,"1","0",49,5,"0","1",2014
14110911,"1","0",52,5,"0","5",2014
14111270,"1","0",44,6,"0","1",2014
14110158,"1","0",28,5,"1","1",2014
14110463,"1","1",53,4,"0","5",2014
14110287,"1","0",18,9,"0","1",2014
14110956,"1","0",49,8,"0","6",2014
14110778,"0","0",24,2,"1","1",2014
14110827,"1","1",37,9,"1","1",2014
14111492,"1","1",45,4,"0","1",2014
14110677,"0","0",46,4,"1","1",2014
14111006,"1","1",21,5,"0","1",2014
14110836,"0","1",45,5,"1","1",2014
14110648,"1","1",20,5,"1","1",2014
14111414,"0","1",29,6,"0","1",2014
14110431,"1","0",36,3,"0","1",2014
14110257,"0","0",21,1,"1","1",2014
14111197,"1","1",21,9,"0","2",2014
14110525,"1","1",30,5,"0","4",2014
14110815,"1","1",21,6,"1","1",2014
14110131,"0","1",34,4,"1","1",2014
14110615,"1","1",19,10,"1","1",2014
14111194,"0","0",64,9,"0","1",2014
14110263,"1","0",20,5,"0","1",2014
14111453,"0","0",45,2,"0","1",2014
14111210,"1","1",45,7,"0","5",2014
14110272,"1","0",56,3,"1","1",2014
14110043,"0","1",19,10,"0","1",2014
14111029,"1","1",28,3,"0","5",2014
14111359,"0","0",33,10,"0","1",2014
14111214,"1","1",35,6,"1","5",2014
14110986,"1","0",19,5,"1","4",2014
14110556,"1","0",49,5,"1","5",2014
14111067,"1","0",43,8,"1","1",2014
14110551,"1","0",27,5,"1","1",2014
14110362,"1","1",40,5,"1","1",2014
14110777,"1","1",49,3,"1","1",2014
14110668,"0","1",31,5,"0","1",2014
14110856,"1","0",45,6,"0","1",2014
14110869,"1","1",38,8,"1","1",2014
14110066,"1","0",41,6,"0","4",2014
14111212,"1","1",19,5,"0","1",2014
14111087,"1","0",31,6,"0","1",2014
14111448,"1","0",44,7,"1","1",2014
14111165,"1","1",39,6,"1","1",2014
14110799,"1","1",20,8,"0","1",2014
14111470,"1","1",44,7,"1","1",2014
14110675,"1","0",26,8,"0","1",2014
14110204,"0","0",55,1,"0","5",2014
14110844,"1","1",35,5,"1","1",2014
14110974,"1","1",34,2,"1","1",2014
14111175,"0","1",31,5,"0","1",2014
14110687,"1","0",19,6,"0","1",2014
14110522,"1","0",63,9,"0","5",2014
14111139,"1","1",34,8,"0","1",2014
14111057,"0","1",56,5,"0","1",2014
14111486,"0","1",40,7,"0","1",2014
14110764,"1","0",30,7,"0","2",2014
14110999,"1","1",27,6,"0","1",2014
14111126,"1","0",37,3,"0","1",2014
14110035,"1","0",30,8,"0","1",2014
14110981,"1","1",48,2,"1","1",2014
14110742,"0","1",23,10,"0","1",2014
14111265,"1","0",23,7,"1","1",2014
14110474,"1","0",19,4,"0","9",2014
14111163,"1","0",41,5,"0","1",2014
14110737,"1","1",22,4,"0","1",2014
14110741,"1","1",66,6,"0","1",2014
14110849,"1","0",32,3,"0","1",2014
14110965,"0","1",49,7,"1","5",2014
14110168,"1","1",46,4,"0","5",2014
14111232,"1","0",34,6,"0","2",2014
14110118,"0","0",19,4,"1","1",2014
14110713,"1","1",43,8,"0","1",2014
14110612,"1","0",25,8,"0","1",2014
14111255,"1","0",22,9,"1","1",2014
14111045,"1","0",20,4,"1","1",2014
14110749,"1","0",60,7,"1","1",2014
14111458,"0","1",40,8,"0","1",2014
14110564,"0","1",39,6,"0","1",2014
14110813,"1","1",85,5,"1","1",2014
14110100,"0","1",21,5,"0","1",2014
14111491,"1","0",60,4,"0","5",2014
14110121,"1","0",37,5,"0","1",2014
14111207,"1","0",44,7,"1","1",2014
14111440,"1","0",58,7,"0","1",2014
14111190,"1","1",41,9,"0","1",2014
14111462,"0","0",21,4,"1","4",2014
14110555,"0","1",48,2,"0","1",2014
14111164,"1","0",19,5,"0","1",2014
14110260,"1","1",38,5,"0","2",2014
14110482,"1","1",54,5,"1","1",2014
14111134,"1","1",18,3,"1","1",2014
14110581,"0","1",36,5,"0","1",2014
14110873,"0","1",44,5,"1","1",2014
14110947,"1","1",59,4,"0","1",2014
14111112,"0","0",22,4,"0","1",2014
14111408,"0","0",37,5,"0","5",2014
14110937,"1","0",44,5,"0","1",2014
14111138,"0","0",61,4,"0","5",2014
14110755,"1","1",26,5,"0","1",2014
14110429,"1","1",23,6,"0","1",2014
14111407,"0","1",87,5,"0","1",2014
14111480,"1","0",49,6,"0","1",2014
14110644,"1","0",66,5,"0","1",2014
14111443,"0","1",67,7,"0","1",2014
14110126,"1","1",58,5,"0","4",2014
14110621,"1","0",19,6,"0","1",2014
14110478,"1","1",78,9,"1","1",2014
14110295,"1","1",31,5,"0","1",2014
14110430,"0","1",64,5,"0","1",2014
14110665,"1","1",40,6,"1","1",2014
14111040,"0","1",43,5,"0","9",2014
14110427,"1","1",36,6,"0","1",2014
14110852,"1","0",67,8,"0","1",2014
14110792,"0","0",29,5,"1","1",2014
14110312,"0","0",32,7,"0","1",2014
14110298,"0","1",52,5,"1","1",2014
14110027,"1","1",32,3,"0","5",2014
14110570,"1","0",23,6,"1","1",2014
14111288,"0","0",56,3,"0","1",2014
14110285,"1","0",64,5,"0","1",2014
14110695,"1","1",42,5,"0","1",2014
14111090,"1","0",20,7,"0","1",2014
14110407,"0","1",31,5,"0","5",2014
14111193,"0","0",43,7,"0","1",2014
14110895,"0","0",57,5,"0","1",2014
14110877,"1","1",73,8,"0","1",2014
14111137,"0","1",19,5,"1","1",2014
14111014,"1","1",40,1,"1","1",2014
14110135,"1","1",52,6,"1","1",2014
14110882,"0","0",21,8,"0","1",2014
14111192,"1","1",45,10,"0","1",2014
14111196,"1","0",49,10,"0","1",2014
14110681,"1","0",39,8,"0","1",2014
14110591,"1","1",22,5,"1","1",2014
14110782,"1","0",19,6,"0","1",2014
14110280,"0","0",34,5,"1","1",2014
14110901,"1","1",72,7,"0","1",2014
14111424,"1","0",35,8,"0","1",2014
14111483,"0","0",33,7,"0","1",2014
14110075,"1","0",23,9,"0","5",2014
14110678,"1","1",34,6,"1","5",2014
14111009,"1","0",34,5,"1","1",2014
14110642,"0","1",34,7,"0","1",2014
14110520,"0","0",19,5,"0","5",2014
14110133,"1","0",41,5,"0","1",2014
14110871,"0","1",49,4,"0","3",2014
14110790,"1","1",20,1,"0","1",2014
14110816,"0","1",40,5,"1","1",2014
14110418,"1","0",35,4,"0","1",2014
14111120,"0","1",39,5,"0","1",2014
14110825,"0","1",24,8,"0","9",2014
14110032,"1","1",63,1,"0","1",2014
14110468,"0","0",30,6,"0","5",2014
14110019,"1","1",49,5,"1","1",2014
14111082,"1","1",57,5,"0","1",2014
14110714,"0","1",24,3,"0","1",2014
14110082,"1","1",38,5,"0","1",2014
14110950,"1","0",30,2,"0","1",2014
14111021,"0","0",58,6,"0","5",2014
14110479,"0","1",37,10,"0","1",2014
14111108,"1","1",45,1,"1","2",2014
14111372,"0","0",33,5,"1","1",2014
14110933,"0","1",40,6,"1","4",2014
14111495,"1","0",20,1,"0","1",2014
14110973,"0","0",42,5,"0","1",2014
14110832,"1","1",30,7,"1","1",2014
14110112,"1","1",41,3,"1","1",2014
14111024,"1","0",38,5,"0","1",2014
14111096,"1","0",72,8,"0","1",2014
14111295,"1","0",25,8,"0","1",2014
14110881,"1","1",32,5,"1","5",2014
14110415,"0","0",28,2,"1","1",2014
14110142,"1","0",26,6,"0","1",2014
14111284,"1","0",44,6,"1","1",2014
14111046,"1","0",34,5,"0","5",2014
14110709,"0","1",72,8,"1","1",2014
14111170,"1","1",71,8,"0","1",2014
14110125,"1","1",30,6,"0","1",2014
14111428,"0","1",53,8,"0","5",2014
14111426,"0","0",25,6,"1","2",2014
14110464,"1","0",32,3,"1","1",2014
14110926,"0","1",61,6,"0","1",2014
14111375,"1","0",32,5,"1","1",2014
14110886,"0","0",40,5,"0","1",2014
14110959,"1","0",40,6,"1","1",2014
14110863,"1","0",25,7,"1","1",2014
14110176,"1","0",41,5,"0","5",2014
14111159,"0","0",55,5,"0","1",2014
14110074,"0","0",36,4,"0","5",2014
14111132,"0","0",25,5,"0","1",2014
14111174,"1","0",53,10,"0","1",2014
14110559,"1","0",26,3,"0","5",2014
14110014,"1","1",29,2,"0","1",2014
14110022,"0","0",50,5,"1","1",2014
14111496,"1","0",38,3,"0","4",2014
14110553,"1","0",44,2,"0","5",2014
14111157,"0","0",22,5,"1","1",2014
14110029,"1","0",36,2,"1","1",2014
14111131,"1","1",47,4,"1","4",2014
14110524,"1","1",70,5,"0","5",2014
14111071,"0","0",40,6,"0","5",2014
14111031,"0","0",28,5,"0","5",2014
14110105,"0","1",59,8,"0","1",2014
14110867,"1","0",50,8,"0","4",2014
14110814,"1","0",29,1,"1","1",2014
14110123,"0","1",44,8,"1","1",2014
14110270,"0","0",23,4,"0","1",2014
14111317,"1","0",40,8,"1","1",2014
14110739,"1","0",31,5,"0","1",2014
14110469,"0","1",34,5,"0","5",2014
14110604,"0","0",44,6,"0","1",2014
14110552,"1","0",50,5,"0","1",2014
14110020,"0","0",24,3,"1","1",2014
14110743,"0","1",43,7,"0","1",2014
14111033,"0","1",22,9,"1","4",2014
14110363,"1","1",29,10,"0","4",2014
14110596,"1","1",72,6,"0","1",2014
14110932,"1","1",25,7,"1","4",2014
14110845,"0","0",19,5,"0","1",2014
14111473,"0","1",51,2,"0","1",2014
14111133,"1","1",44,6,"0","1",2014
18110166,"1","0",21,5,"1","1",2019
18110282,"1","1",60,4,"1","5",2019
18110366,"0","1",23,1,"0","5",2019
18110544,"1","1",36,6,"0","1",2019
18111337,"1","0",78,5,"0","1",2019
18111053,"1","1",20,7,"1","1",2019
18110843,"0","0",40,8,"0","2",2019
18110148,"1","1",68,9,"0","1",2019
18111669,"1","1",42,4,"1","1",2019
18110558,"1","0",30,3,"0","2",2019
18110734,"0","1",30,8,"1","5",2019
18110143,"1","1",43,7,"1","1",2019
18110271,"1","0",28,5,"1","1",2019
18110024,"1","1",56,8,"0","1",2019
18111333,"1","0",18,2,"0","5",2019
18110948,"1","0",68,1,"0","1",2019
18111257,"0","0",32,5,"1","1",2019
18110698,"1","0",40,5,"0","1",2019
18110879,"1","0",52,5,"0","1",2019
18111048,"0","0",21,3,"1","1",2019
18111447,"1","0",19,6,"0","1",2019
18111651,"0","1",45,10,"0","1",2019
18111283,"0","1",23,7,"0","9",2019
18111388,"1","1",25,7,"1","1",2019
18110947,"0","1",18,4,"1","1",2019
18111525,"0","0",55,7,"1","1",2019
18111722,"1","1",27,5,"1","4",2019
18111678,"1","0",32,6,"1","2",2019
18111655,"1","1",50,5,"0","1",2019
18110479,"1","1",21,6,"1","1",2019
18110941,"1","1",47,5,"1","1",2019
18110654,"1","0",59,3,"0","1",2019
18110210,"0","0",39,3,"0","1",2019
18110643,"1","0",20,5,"0","1",2019
18110276,"1","0",30,6,"1","1",2019
18110520,"1","1",52,6,"1","1",2019
18111066,"1","0",56,6,"1","1",2019
18111295,"1","0",21,5,"0","1",2019
18110615,"1","1",26,6,"0","1",2019
18111423,"1","0",35,10,"0","1",2019
18111508,"1","1",30,6,"1","1",2019
18110325,"1","1",34,6,"1","9",2019
18110782,"1","1",66,6,"1","1",2019
18110682,"1","0",24,3,"0","1",2019
18111132,"1","1",26,7,"0","1",2019
18110759,"0","0",18,6,"1","4",2019
18110367,"1","1",53,4,"0","1",2019
18110742,"1","0",45,7,"0","1",2019
18110018,"0","0",25,5,"0","5",2019
18110280,"1","0",41,5,"1","1",2019
18110228,"1","0",62,1,"0","9",2019
18111370,"0","1",29,5,"1","1",2019
18111637,"1","1",38,3,"0","9",2019
18110369,"1","0",44,7,"1","1",2019
18110765,"0","1",53,5,"0","1",2019
18111480,"1","1",27,6,"0","4",2019
18110814,"0","1",42,5,"0","1",2019
18111029,"0","1",49,6,"0","1",2019
18110308,"1","0",19,5,"1","1",2019
18111340,"1","0",30,5,"0","1",2019
18110408,"1","1",21,5,"0","5",2019
18110855,"1","1",45,4,"1","1",2019
18111121,"1","0",23,6,"0","1",2019
18110043,"0","0",55,8,"0","1",2019
18110816,"1","0",39,6,"1","1",2019
18110436,"0","1",20,7,"0","1",2019
18111239,"0","1",42,10,"0","5",2019
18110473,"0","0",48,5,"0","1",2019
18110548,"1","0",26,5,"1","1",2019
18110697,"0","1",19,8,"1","4",2019
18110957,"0","1",44,5,"0","1",2019
18110942,"1","0",60,5,"0","4",2019
18110916,"0","1",21,10,"0","1",2019
18110305,"0","1",51,6,"0","1",2019
18110090,"1","1",58,10,"0","1",2019
18110293,"1","1",65,5,"1","4",2019
18111684,"1","0",29,5,"1","4",2019
18111095,"0","0",22,7,"1","1",2019
18111331,"0","1",32,7,"0","4",2019
18111007,"1","1",35,1,"0","1",2019
18111639,"1","0",47,9,"0","1",2019
18111148,"0","0",43,2,"0","4",2019
18111161,"0","0",20,5,"0","1",2019
18110165,"1","1",68,10,"1","1",2019
18110313,"1","0",31,6,"0","4",2019
18111227,"1","1",38,6,"0","1",2019
18110857,"0","0",27,3,"1","4",2019
18111389,"1","0",42,5,"0","1",2019
18110502,"1","0",58,7,"1","1",2019
18111570,"0","1",26,7,"1","1",2019
18111463,"0","0",43,5,"0","1",2019
18111595,"1","0",67,10,"0","1",2019
18110019,"1","0",36,1,"1","1",2019
18110457,"1","0",27,4,"1","1",2019
18110131,"0","1",19,3,"0","1",2019
18110660,"1","1",47,6,"1","1",2019
18110944,"1","1",42,6,"0","1",2019
18110167,"1","1",44,8,"1","1",2019
18111360,"0","1",19,5,"0","1",2019
18111752,"0","0",23,7,"1","1",2019
18110622,"0","1",29,5,"0","1",2019
18110661,"0","1",44,6,"0","1",2019
18110652,"0","1",76,5,"0","1",2019
18111406,"0","1",28,5,"0","2",2019
18110687,"1","1",47,5,"1","1",2019
18110794,"1","0",65,3,"0","1",2019
18111523,"1","0",60,5,"0","1",2019
18110273,"0","0",70,5,"1","1",2019
18110884,"1","0",42,5,"1","4",2019
18111593,"1","1",39,5,"0","2",2019
18110219,"0","1",61,6,"0","1",2019
18111164,"0","0",20,5,"1","5",2019
18110530,"0","1",43,5,"1","1",2019
18110444,"0","1",30,5,"1","1",2019
18110020,"1","1",73,6,"1","1",2019
18110692,"1","0",30,5,"1","1",2019
18111567,"0","0",34,4,"0","1",2019
18111456,"1","1",18,6,"0","4",2019
18111245,"1","1",52,5,"0","9",2019
18111345,"1","0",45,4,"1","1",2019
18110777,"0","0",20,5,"1","1",2019
18111491,"1","0",60,6,"0","1",2019
18110630,"0","1",58,5,"0","1",2019
18110618,"0","1",30,3,"0","1",2019
18110506,"1","0",26,10,"0","1",2019
18110336,"1","1",51,6,"1","1",2019
18110102,"1","0",22,5,"1","1",2019
18110581,"0","0",56,3,"0","1",2019
18111407,"1","1",30,7,"0","1",2019
18110939,"1","0",28,5,"1","1",2019
18111699,"0","1",45,6,"1","1",2019
18110365,"1","0",47,1,"1","1",2019
18110193,"1","1",41,6,"1","1",2019
18111626,"1","1",21,6,"1","1",2019
18111548,"0","0",33,5,"1","1",2019
18110317,"1","0",32,10,"1","1",2019
18110263,"0","1",32,5,"0","5",2019
18110344,"0","0",28,10,"0","5",2019
18111410,"1","0",30,9,"0","1",2019
18110588,"0","1",61,6,"1","1",2019
18110391,"1","1",45,1,"0","1",2019
18110935,"1","1",19,5,"0","4",2019
18110300,"1","0",63,10,"1","1",2019
18110865,"0","1",44,8,"1","1",2019
18111698,"1","1",20,10,"1","2",2019
18110419,"1","0",21,1,"1","1",2019
18111010,"0","1",30,10,"0","1",2019
18110956,"1","0",39,6,"1","1",2019
18111701,"1","0",24,6,"0","2",2019
18111067,"1","0",49,10,"0","5",2019
18111237,"0","0",58,3,"0","1",2019
18110563,"0","1",70,2,"0","9",2019
18110462,"1","1",24,4,"1","1",2019
18110992,"1","1",25,1,"1","9",2019
18110626,"0","1",26,5,"0","1",2019
18111727,"0","1",68,10,"0","1",2019
18110159,"1","0",23,10,"1","1",2019
18110323,"1","0",30,5,"0","1",2019
18110669,"1","1",67,4,"1","1",2019
18110480,"1","0",18,3,"0","1",2019
18110679,"1","1",44,4,"1","1",2019
18110158,"0","1",30,3,"1","1",2019
18110459,"0","0",32,6,"0","1",2019
18110790,"1","0",60,2,"0","1",2019
18111288,"0","1",25,5,"1","5",2019
18111616,"0","0",22,8,"1","1",2019
18110968,"1","0",44,4,"1","1",2019
18111619,"1","0",50,5,"0","1",2019
18110427,"0","1",19,3,"0","1",2019
18110882,"1","1",28,10,"1","1",2019
18111351,"0","0",46,1,"0","5",2019
18110340,"1","0",45,5,"1","1",2019
18110124,"0","1",53,5,"0","1",2019
18111417,"1","0",31,6,"0","1",2019
18110844,"0","1",59,2,"1","1",2019
18111253,"0","0",18,3,"0","5",2019
18110030,"1","1",70,7,"0","1",2019
18110821,"0","1",41,5,"1","1",2019
18111449,"0","0",33,3,"1","1",2019
18110189,"1","1",30,1,"1","4",2019
18110887,"0","1",46,3,"0","1",2019
18110107,"1","1",18,4,"0","1",2019
18110723,"1","0",39,5,"0","1",2019
18111279,"0","0",53,6,"0","5",2019
18110096,"1","1",18,5,"0","1",2019
18110329,"0","0",23,3,"0","2",2019
18111186,"1","0",50,8,"1","1",2019
18110138,"0","0",21,2,"0","1",2019
18110703,"0","1",68,10,"0","1",2019
18110845,"0","1",29,5,"1","1",2019
18111377,"1","0",38,2,"0","1",2019
18111506,"1","1",46,7,"0","1",2019
18110616,"1","1",39,3,"0","1",2019
18111371,"1","0",23,5,"1","1",2019
18110098,"0","1",18,7,"0","1",2019
18111055,"1","1",42,9,"1","1",2019
18111313,"1","0",55,5,"1","1",2019
18111541,"1","1",18,5,"0","1",2019
18111715,"1","1",56,8,"1","1",2019
18110798,"1","0",42,2,"1","5",2019
18110696,"1","1",20,2,"0","1",2019
18111630,"1","1",25,5,"0","1",2019
18111191,"0","0",55,10,"0","1",2019
18110195,"1","1",42,5,"0","1",2019
18111533,"1","0",30,5,"0","1",2019
18111460,"1","0",45,6,"0","1",2019
18110541,"1","1",38,6,"0","1",2019
18110375,"1","0",34,6,"0","2",2019
18111247,"0","1",72,6,"0","1",2019
18110962,"1","1",79,8,"0","1",2019
18110478,"0","0",21,6,"0","1",2019
18110244,"1","1",25,10,"1","1",2019
18110733,"1","0",54,8,"0","1",2019
18110914,"1","1",65,5,"0","9",2019
18110810,"1","1",18,4,"1","1",2019
18110512,"1","0",38,5,"0","1",2019
18111347,"0","1",40,3,"1","1",2019
18110458,"0","0",25,8,"1","1",2019
18111364,"1","0",43,1,"0","1",2019
18110426,"1","0",75,1,"1","1",2019
18110132,"0","1",38,1,"1","5",2019
18111683,"1","1",72,3,"1","5",2019
18110710,"0","0",23,5,"1","1",2019
18110867,"0","0",39,5,"0","1",2019
18111035,"0","1",18,5,"0","1",2019
18111294,"1","1",18,7,"0","1",2019
18110162,"0","1",43,5,"0","1",2019
18110002,"1","1",35,5,"0","1",2019
18111080,"1","0",29,2,"1","1",2019
18111206,"1","1",43,9,"0","1",2019
18110258,"1","0",44,8,"0","1",2019
18111167,"0","0",73,10,"0","5",2019
18111363,"0","1",48,5,"1","1",2019
18110097,"1","0",34,4,"0","1",2019
18110780,"0","1",73,7,"0","1",2019
18110413,"1","0",26,5,"0","1",2019
18110045,"1","0",18,3,"1","1",2019
18110578,"1","0",23,6,"0","1",2019
18110301,"1","0",64,6,"0","1",2019
18110377,"0","0",40,8,"0","1",2019
18111272,"1","1",32,6,"0","1",2019
18110595,"0","1",18,8,"1","1",2019
18110991,"1","1",29,1,"1","1",2019
18110079,"1","1",45,10,"1","1",2019
18110333,"1","1",35,5,"0","1",2019
18111178,"1","0",72,10,"0","1",2019
18110834,"1","0",59,6,"0","1",2019
18110960,"0","1",45,2,"0","1",2019
18111452,"1","0",40,9,"0","1",2019
18111034,"0","1",19,7,"0","1",2019
18110893,"1","0",62,3,"0","1",2019
18111209,"0","1",68,5,"1","5",2019
18110281,"1","1",18,2,"0","5",2019
18111073,"0","1",64,10,"0","5",2019
18111308,"0","0",20,3,"1","1",2019
18110032,"1","0",30,8,"0","1",2019
18111504,"1","1",37,9,"0","1",2019
18111561,"1","0",20,5,"0","1",2019
18110908,"1","1",39,7,"0","1",2019
18111750,"1","0",49,10,"0","1",2019
18110005,"1","0",40,10,"0","1",2019
18111014,"0","1",59,10,"0","1",2019
18111582,"0","0",69,10,"0","1",2019
18110811,"1","1",30,5,"1","1",2019
18110033,"0","1",20,5,"0","1",2019
18110272,"1","0",48,5,"1","1",2019
18110848,"1","0",36,6,"0","1",2019
18110278,"0","1",32,7,"0","1",2019
18110240,"1","1",56,6,"0","1",2019
18110517,"0","0",19,3,"1","1",2019
18110037,"0","1",43,5,"1","1",2019
18111235,"1","0",18,6,"1","9",2019
18111267,"1","0",49,8,"0","5",2019
18110451,"0","1",27,10,"0","9",2019
18111378,"1","1",75,5,"0","1",2019
18110958,"1","1",18,1,"1","9",2019
18110176,"0","1",57,4,"1","1",2019
18110071,"1","1",30,7,"0","1",2019
18111177,"1","0",37,6,"0","7",2019
18111012,"0","1",76,7,"0","1",2019
18111166,"1","0",29,4,"0","1",2019
18110021,"0","1",19,7,"1","1",2019
18110497,"0","0",34,3,"1","5",2019
18111143,"1","1",43,6,"0","1",2019
18110075,"1","0",48,5,"0","1",2019
18111172,"0","0",50,3,"0","1",2019
18110150,"1","1",22,8,"0","1",2019
18110218,"1","0",26,6,"1","1",2019
18110052,"1","0",41,3,"0","1",2019
18110851,"0","1",61,1,"0","1",2019
18110623,"0","1",18,5,"0","1",2019
18111556,"1","1",43,5,"0","1",2019
18111369,"1","0",45,6,"0","1",2019
18111436,"0","0",25,2,"0","1",2019
18110599,"1","1",29,5,"0","4",2019
18111358,"0","1",30,1,"0","1",2019
18111108,"0","1",18,10,"0","7",2019
18110707,"0","0",49,10,"0","5",2019
18110114,"1","1",83,10,"1","1",2019
18110330,"1","0",63,5,"1","1",2019
18110901,"1","1",63,2,"0","2",2019
18111179,"0","0",25,5,"1","1",2019
18110084,"0","1",18,6,"0","2",2019
18110788,"1","0",27,10,"0","1",2019
18110799,"1","0",53,8,"1","1",2019
18110840,"1","1",50,3,"0","2",2019
18111193,"1","1",40,1,"1","1",2019
18110484,"1","1",34,1,"1","1",2019
18110116,"0","0",35,8,"1","2",2019
18111076,"1","1",90,10,"0","1",2019
18111081,"0","0",20,2,"0","1",2019
18110236,"1","0",18,4,"1","2",2019
18110171,"1","1",18,7,"1","1",2019
18110801,"1","0",38,4,"1","2",2019
18111300,"1","1",40,7,"1","1",2019
18110784,"1","0",54,7,"0","1",2019
18111613,"0","1",27,6,"0","1",2019
18111644,"1","0",44,2,"0","1",2019
18110684,"0","0",18,2,"0","3",2019
18110573,"1","0",41,10,"0","1",2019
18110441,"1","0",54,6,"1","1",2019
18110760,"0","1",25,5,"1","2",2019
18110120,"1","0",33,5,"0","1",2019
18111352,"0","1",19,6,"0","1",2019
18111255,"1","1",58,4,"0","1",2019
18111098,"1","0",29,5,"1","1",2019
18111117,"1","1",33,8,"1","1",2019
18110215,"0","1",41,2,"0","4",2019
18111200,"0","0",54,6,"1","1",2019
18111000,"1","1",53,5,"0","1",2019
18111233,"1","0",51,6,"0","1",2019
18110817,"0","1",46,8,"0","1",2019
18110659,"1","0",30,7,"0","2",2019
18111513,"1","0",44,8,"0","5",2019
18110460,"1","1",31,7,"1","1",2019
18110081,"1","1",47,4,"1","1",2019
18110494,"1","1",42,6,"1","1",2019
18110611,"1","1",22,5,"0","3",2019
18110212,"1","0",22,7,"0","1",2019
18111192,"1","1",46,4,"1","4",2019
18111032,"0","0",41,6,"0","5",2019
18111686,"0","1",33,7,"0","1",2019
18110251,"1","1",71,5,"0","1",2019
18110237,"1","0",52,1,"0","1",2019
18110645,"0","0",59,1,"0","1",2019
18110110,"1","0",50,6,"1","1",2019
18111280,"1","1",69,8,"0","1",2019
18111112,"0","0",24,4,"0","4",2019
18110633,"1","0",24,8,"0","4",2019
18111025,"0","0",43,4,"0","1",2019
18110730,"0","1",30,4,"0","4",2019
18110395,"1","0",23,3,"0","1",2019
18110613,"1","0",48,1,"1","1",2019
18111680,"1","1",19,9,"0","5",2019
18110675,"0","1",32,4,"1","1",2019
18111618,"1","1",48,2,"0","1",2019
18110607,"1","1",24,3,"0","1",2019
18110439,"1","0",35,6,"0","1",2019
18110918,"1","0",30,3,"0","5",2019
18110701,"1","1",25,5,"0","1",2019
18110035,"0","1",32,4,"0","1",2019
18110749,"1","1",34,3,"1","1",2019
18110306,"1","1",22,5,"1","1",2019
18111585,"0","0",22,8,"1","2",2019
18110998,"1","0",43,6,"1","1",2019
18111039,"1","0",50,4,"0","5",2019
18110719,"1","0",27,2,"1","1",2019
18110504,"1","1",37,10,"1","5",2019
18110139,"1","0",49,3,"0","5",2019
18110039,"0","1",33,7,"0","9",2019
18111135,"1","1",19,7,"1","1",2019
18111100,"1","1",60,4,"0","1",2019
18110603,"0","1",22,5,"1","1",2019
18111494,"1","0",27,4,"1","1",2019
18110501,"0","1",32,5,"1","1",2019
18111554,"1","0",41,3,"0","5",2019
18110543,"1","1",74,2,"0","1",2019
18111118,"1","0",29,5,"0","1",2019
18110751,"0","0",61,6,"0","1",2019
18111729,"1","1",18,3,"0","5",2019
18111268,"0","1",75,6,"1","1",2019
18110261,"1","0",39,5,"0","1",2019
18111545,"0","1",30,6,"0","4",2019
18110933,"1","1",23,7,"0","1",2019
18110542,"0","1",63,4,"0","1",2019
18111259,"1","0",22,8,"0","1",2019
18111703,"1","0",39,3,"1","1",2019
18110847,"0","0",48,9,"0","1",2019
18111725,"1","1",30,5,"1","1",2019
18110302,"0","0",44,9,"0","1",2019
18111700,"0","0",27,4,"0","1",2019
18110286,"1","1",21,8,"0","4",2019
18111744,"1","1",61,1,"0","2",2019
18110242,"0","1",33,6,"0","1",2019
18111355,"1","0",43,9,"0","1",2019
18110756,"1","1",18,9,"0","1",2019
18111320,"1","0",43,9,"0","1",2019
18110510,"1","0",78,1,"0","1",2019
18111113,"1","1",37,5,"1","1",2019
18110846,"1","0",25,8,"0","1",2019
18111566,"1","0",34,8,"0","1",2019
18110904,"1","1",73,5,"0","5",2019
18110397,"0","0",18,4,"1","4",2019
18110259,"0","0",61,8,"0","7",2019
18110265,"1","0",29,10,"0","1",2019
18110715,"0","1",20,7,"0","1",2019
18111075,"0","1",30,4,"0","5",2019
18110793,"1","0",54,10,"0","1",2019
18111050,"1","0",39,7,"1","1",2019
18111448,"1","0",42,10,"1","1",2019
18110204,"0","0",57,4,"1","1",2019
18110989,"0","1",68,7,"1","1",2019
18111537,"0","0",29,6,"1","1",2019
18110076,"0","1",32,6,"1","4",2019
18110472,"1","1",49,10,"0","1",2019
18110100,"1","0",66,8,"0","1",2019
18111262,"1","0",30,3,"1","5",2019
18111343,"1","0",26,10,"1","1",2019
18110040,"1","1",22,5,"1","1",2019
18110859,"1","1",81,10,"0","5",2019
18110775,"1","1",44,1,"0","4",2019
18110663,"1","1",36,7,"0","1",2019
18110662,"1","0",60,9,"0","1",2019
18110748,"1","1",18,4,"0","1",2019
18111598,"1","1",58,9,"0","1",2019
18110812,"1","0",27,8,"1","4",2019
18110255,"1","0",36,4,"1","1",2019
18110547,"1","1",44,6,"0","1",2019
18111709,"1","0",48,8,"0","1",2019
18111184,"0","0",24,2,"1","1",2019
18111564,"1","1",19,4,"0","4",2019
18110736,"1","0",29,10,"0","1",2019
18111623,"1","1",46,5,"1","1",2019
18111023,"1","0",31,7,"0","1",2019
18110746,"1","0",60,1,"0","1",2019
18111679,"0","0",22,5,"0","1",2019
18111454,"1","0",34,1,"1","1",2019
18111609,"1","1",69,3,"0","4",2019
18110099,"1","0",46,8,"0","1",2019
18110290,"1","1",26,2,"0","1",2019
18110368,"1","1",25,7,"0","5",2019
18111473,"0","1",63,4,"1","1",2019
18110154,"1","0",20,10,"1","1",2019
18110006,"0","1",43,5,"1","4",2019
18111254,"0","1",43,6,"1","1",2019
18111033,"0","1",26,3,"1","1",2019
18110552,"0","1",52,6,"1","1",2019
18111354,"1","1",22,5,"0","1",2019
18111086,"1","0",46,3,"0","1",2019
18110422,"1","0",32,5,"0","1",2019
18111207,"1","0",46,2,"1","1",2019
18110178,"1","1",30,3,"1","1",2019
18111083,"0","0",29,6,"1","1",2019
18110875,"1","0",69,8,"1","1",2019
18111753,"0","1",28,4,"1","4",2019
18111748,"0","1",72,5,"1","5",2019
18111059,"1","0",33,2,"1","1",2019
18110310,"1","1",40,5,"1","1",2019
18110525,"1","0",29,3,"1","1",2019
18111312,"1","1",43,10,"0","4",2019
18110315,"1","1",30,3,"0","1",2019
18110832,"1","0",38,1,"0","1",2019
18110889,"0","0",27,10,"0","5",2019
18110206,"0","1",47,1,"0","1",2019
18111038,"1","1",18,4,"0","5",2019
18110854,"0","0",33,5,"0","5",2019
18111008,"1","1",68,4,"1","1",2019
18111199,"0","1",30,6,"1","1",2019
18110929,"0","1",35,5,"0","1",2019
18110727,"1","0",70,8,"0","1",2019
18111332,"1","1",48,5,"0","1",2019
18111185,"0","1",36,6,"1","5",2019
18111123,"1","1",33,3,"0","1",2019
18110140,"1","0",40,8,"1","5",2019
18111027,"1","0",21,3,"1","5",2019
18111226,"1","0",24,5,"0","1",2019
18111642,"1","1",35,10,"0","1",2019
18111144,"1","1",46,8,"0","1",2019
18110716,"0","0",37,4,"0","1",2019
18110870,"1","1",36,6,"1","1",2019
18111054,"0","0",22,9,"0","1",2019
18110297,"1","0",25,3,"1","1",2019
18111529,"1","1",26,3,"1","9",2019
18110516,"1","0",39,8,"0","1",2019
18110345,"0","0",61,6,"0","1",2019
18111020,"1","1",19,5,"1","1",2019
18110393,"1","1",61,5,"1","1",2019
18110836,"1","1",44,4,"0","1",2019
18111711,"0","0",35,2,"0","1",2019
18111565,"1","1",60,1,"0","1",2019
18110513,"1","0",60,9,"1","1",2019
18111550,"1","1",18,4,"0","1",2019
18110014,"1","0",29,10,"0","1",2019
18110674,"0","0",56,10,"0","1",2019
18110291,"1","1",37,10,"0","1",2019
18110499,"0","0",35,8,"0","5",2019
18110981,"0","1",37,5,"0","1",2019
18110925,"1","0",21,5,"0","1",2019
18110027,"1","0",33,5,"0","1",2019
18110260,"0","1",20,3,"0","1",2019
18110103,"1","1",24,5,"1","1",2019
18111309,"1","0",58,5,"1","5",2019
18110151,"1","0",36,7,"0","1",2019
18111124,"1","1",33,5,"0","1",2019
18110556,"1","0",67,9,"0","1",2019
18111026,"1","1",72,6,"0","7",2019
18111263,"1","0",22,3,"1","1",2019
18111140,"1","1",19,2,"1","1",2019
18110025,"1","0",60,2,"0","1",2019
18110106,"1","0",32,5,"0","1",2019
18111043,"1","0",50,1,"0","1",2019
18111569,"0","1",48,8,"0","1",2019
18110609,"1","1",65,8,"1","1",2019
18110404,"1","0",29,4,"1","1",2019
18110827,"1","1",22,5,"0","1",2019
18110774,"1","0",34,8,"1","2",2019
18110966,"0","1",25,7,"0","1",2019
18111396,"1","0",19,8,"0","1",2019
18110133,"0","0",23,10,"0","1",2019
18111477,"0","0",22,3,"0","1",2019
18111608,"1","1",19,1,"0","1",2019
18111096,"0","0",40,5,"0","1",2019
18110681,"0","0",40,3,"0","1",2019
18110665,"0","0",49,10,"1","1",2019
18111250,"1","0",45,5,"0","1",2019
18110993,"0","1",48,1,"1","5",2019
18110083,"0","0",44,6,"0","1",2019
18110519,"1","1",56,10,"0","1",2019
18110399,"1","1",47,8,"1","1",2019
18110445,"1","0",42,3,"0","1",2019
18110605,"1","1",37,6,"0","1",2019
18111204,"0","1",38,7,"0","1",2019
18110471,"1","1",32,10,"0","1",2019
18111738,"1","0",60,10,"0","1",2019
18110170,"0","0",64,8,"0","1",2019
18110327,"1","0",32,3,"0","1",2019
18111141,"0","1",22,10,"0","1",2019
18111402,"0","0",48,5,"0","1",2019
18111629,"1","1",35,10,"0","1",2019
18110066,"1","0",18,3,"0","1",2019
18111286,"0","1",33,8,"0","1",2019
18111094,"0","1",68,5,"0","1",2019
18110869,"1","0",67,10,"1","4",2019
18110433,"0","0",63,3,"0","1",2019
18111381,"0","0",33,2,"0","1",2019
18111170,"1","0",32,1,"0","1",2019
18110767,"1","1",58,6,"0","1",2019
18110637,"0","0",27,4,"0","1",2019
18111483,"1","1",23,5,"0","5",2019
18110820,"1","1",46,5,"0","1",2019
18111563,"1","1",21,3,"1","9",2019
18110560,"0","1",30,5,"0","1",2019
18110860,"1","0",23,6,"0","1",2019
18111224,"1","0",30,5,"0","3",2019
18110431,"1","0",64,1,"0","1",2019
18110485,"1","1",30,7,"0","9",2019
18111042,"1","0",42,8,"0","7",2019
18110624,"1","0",29,8,"0","5",2019
18110754,"0","1",47,6,"0","1",2019
18111682,"1","0",19,5,"1","1",2019
18111490,"1","1",32,9,"1","1",2019
18111607,"0","0",44,2,"0","1",2019
18110229,"1","1",30,5,"1","1",2019
18111430,"1","0",34,1,"1","1",2019
18111457,"1","1",19,6,"0","5",2019
18110498,"1","0",18,5,"1","1",2019
18110596,"1","0",44,2,"1","1",2019
18110041,"0","1",59,5,"0","1",2019
18111743,"1","0",53,5,"0","1",2019
18110117,"1","0",21,1,"0","1",2019
18111404,"1","0",19,1,"1","9",2019
18110303,"0","1",59,5,"0","1",2019
18111316,"0","0",57,5,"1","1",2019
18110396,"0","1",53,4,"0","1",2019
18110235,"1","0",54,10,"0","1",2019
18111610,"1","1",35,1,"0","4",2019
18110183,"0","1",25,7,"0","1",2019
18110931,"1","1",42,8,"0","1",2019
18111110,"1","1",23,4,"0","1",2019
18110442,"1","0",30,4,"0","1",2019
18110287,"1","0",28,5,"1","1",2019
18110105,"1","0",60,10,"0","5",2019
18111431,"0","1",25,6,"0","1",2019
18110902,"1","1",67,1,"0","1",2019
18110866,"1","1",45,3,"0","1",2019
18111435,"1","1",35,5,"0","1",2019
18110232,"1","0",33,4,"1","1",2019
18110339,"0","0",49,6,"1","5",2019
18110883,"0","1",19,4,"0","5",2019
18110738,"0","1",44,4,"0","1",2019
18110112,"1","1",20,5,"0","1",2019
18111203,"1","0",27,4,"0","1",2019
18110868,"0","1",64,7,"1","1",2019
18110634,"0","1",31,8,"1","1",2019
18111716,"1","0",59,6,"1","1",2019
18111310,"1","0",21,5,"1","1",2019
18110911,"0","0",20,2,"1","1",2019
18110725,"1","0",72,9,"0","1",2019
18111695,"1","1",56,5,"0","4",2019
18110572,"1","0",25,9,"1","1",2019
18111045,"1","1",44,7,"0","1",2019
18110511,"1","0",43,4,"0","1",2019
18110983,"0","0",35,4,"0","4",2019
18110824,"1","0",45,6,"1","1",2019
18110226,"1","0",43,5,"0","5",2019
18111281,"1","1",28,2,"0","1",2019
18111088,"1","0",30,4,"0","1",2019
18110562,"1","1",18,5,"1","1",2019
18110146,"0","0",66,8,"0","1",2019
18111356,"1","1",32,8,"0","1",2019
18111583,"1","0",19,6,"0","1",2019
18111249,"1","1",38,6,"0","1",2019
18110708,"1","1",72,7,"0","1",2019
18111314,"1","1",40,7,"0","9",2019
18111681,"0","1",72,6,"0","1",2019
18111357,"0","1",20,6,"0","9",2019
18110763,"1","0",65,1,"0","1",2019
18111078,"1","1",65,9,"0","1",2019
18110949,"0","0",25,5,"0","5",2019
18111399,"0","1",26,10,"0","5",2019
18111714,"1","0",45,3,"0","5",2019
18111376,"1","1",18,5,"0","5",2019
18110747,"0","1",33,8,"1","1",2019
18110872,"1","0",28,5,"0","5",2019
18111180,"1","0",44,5,"0","5",2019
18110786,"1","0",55,4,"0","5",2019
18111534,"1","0",36,4,"0","1",2019
18110198,"1","1",54,6,"0","1",2019
18111405,"1","0",28,10,"0","5",2019
18110085,"1","1",42,4,"1","1",2019
18110818,"0","1",54,9,"1","5",2019
18110241,"1","1",27,5,"1","1",2019
18110065,"1","1",18,3,"0","1",2019
18111439,"1","0",46,10,"0","1",2019
18110169,"1","1",40,1,"0","3",2019
18111183,"1","0",32,4,"1","1",2019
18110971,"1","1",40,6,"0","1",2019
18110495,"1","0",28,1,"0","5",2019
18111500,"1","1",56,5,"1","7",2019
18110135,"1","1",45,8,"1","1",2019
18111458,"1","0",22,5,"0","1",2019
18111596,"1","0",57,5,"0","1",2019
18111517,"1","0",30,5,"0","1",2019
18110500,"1","0",66,5,"0","1",2019
18110514,"1","1",21,10,"0","1",2019
18110082,"1","1",28,6,"0","1",2019
18110341,"0","0",30,8,"1","1",2019
18110769,"1","0",23,1,"0","1",2019
18111511,"1","1",25,3,"0","1",2019
18110289,"0","0",54,1,"0","5",2019
18110208,"0","1",57,5,"0","5",2019
18111476,"1","0",43,10,"0","1",2019
18111467,"0","1",27,7,"1","1",2019
18111536,"1","1",60,3,"0","5",2019
18110007,"1","0",46,7,"1","1",2019
18111119,"1","1",29,7,"0","1",2019
18111516,"0","1",40,7,"0","1",2019
18110597,"1","0",53,5,"0","1",2019
18111373,"0","0",27,6,"0","1",2019
18110186,"0","0",28,8,"0","1",2019
18110274,"1","0",34,4,"1","1",2019
18110248,"1","0",31,5,"0","1",2019
18110403,"1","1",42,7,"0","1",2019
18110787,"0","1",26,6,"0","1",2019
18111005,"0","0",60,8,"0","1",2019
18110392,"1","0",25,6,"0","1",2019
18111466,"1","0",27,6,"1","4",2019
18111717,"0","1",22,4,"1","4",2019
18111131,"1","1",40,2,"0","1",2019
18110491,"1","0",50,8,"0","1",2019
18110157,"1","1",37,8,"0","1",2019
18111730,"1","0",46,2,"1","1",2019
18110923,"0","1",54,7,"0","5",2019
18110825,"1","1",23,3,"1","1",2019
18111542,"0","1",54,6,"0","1",2019
18110118,"1","0",35,7,"0","5",2019
18111297,"1","0",42,6,"0","1",2019
18110247,"1","0",21,5,"1","1",2019
18111258,"1","0",19,5,"1","1",2019
18111446,"1","0",21,4,"1","5",2019
18111289,"1","1",40,1,"0","1",2019
18111746,"0","0",36,7,"1","1",2019
18110670,"1","1",37,6,"1","1",2019
18110830,"1","1",72,6,"0","1",2019
18111228,"0","1",27,7,"0","1",2019
18111361,"1","1",30,5,"1","1",2019
18110352,"0","0",70,5,"0","2",2019
18111346,"0","1",45,5,"1","1",2019
18111325,"1","1",31,6,"0","1",2019
18111617,"0","0",26,5,"1","1",2019
18110528,"1","0",42,5,"1","1",2019
18111735,"0","0",28,1,"0","1",2019
18110507,"0","0",30,3,"1","1",2019
18111225,"1","0",46,1,"1","1",2019
18111728,"0","0",23,5,"0","1",2019
18110826,"0","1",45,10,"1","1",2019
18110837,"1","0",52,3,"0","1",2019
18111674,"1","1",44,5,"0","1",2019
18111214,"0","0",30,8,"0","1",2019
18111153,"0","1",26,5,"0","1",2019
18110800,"1","0",29,5,"0","1",2019
18110700,"0","1",43,3,"1","5",2019
18110016,"0","1",29,5,"0","5",2019
18111459,"1","1",73,9,"1","1",2019
18110567,"1","0",44,10,"0","1",2019
18110808,"1","1",26,8,"0","1",2019
18110771,"1","1",45,2,"1","1",2019
18110192,"1","1",37,2,"1","1",2019
18110564,"0","1",21,1,"1","1",2019
18111658,"1","0",30,2,"0","1",2019
18110907,"1","0",30,3,"0","1",2019
18110466,"0","1",30,4,"0","1",2019
18110092,"1","1",55,1,"0","1",2019
18110184,"1","1",18,10,"1","5",2019
18110343,"1","0",32,9,"0","1",2019
18111296,"1","1",22,4,"0","1",2019
18110051,"1","1",19,5,"0","1",2019
18111197,"1","0",37,4,"0","4",2019
18110424,"1","1",19,4,"0","1",2019
18110807,"1","0",45,4,"0","5",2019
18111584,"1","0",26,4,"0","1",2019
18110423,"1","1",35,5,"0","1",2019
18111188,"1","0",22,5,"0","5",2019
18111162,"1","1",27,8,"1","1",2019
18111649,"1","0",48,6,"0","1",2019
18110600,"1","0",65,10,"0","5",2019
18110745,"1","0",37,6,"0","1",2019
18110378,"1","1",45,6,"1","1",2019
18110359,"1","1",43,5,"0","5",2019
18111495,"1","0",25,2,"0","1",2019
18110013,"0","1",26,5,"0","1",2019
18110322,"1","0",36,10,"0","1",2019
18110481,"0","1",40,10,"1","5",2019
18111625,"1","0",29,1,"0","1",2019
18111077,"1","1",54,10,"0","1",2019
18111060,"0","1",38,5,"1","1",2019
18111400,"1","1",23,5,"0","1",2019
18111464,"1","0",58,1,"1","1",2019
18111555,"1","0",24,3,"0","1",2019
18110142,"1","1",65,8,"1","1",2019
18111107,"1","0",36,1,"0","1",2019
18111229,"1","1",19,8,"0","1",2019
18110201,"1","0",27,5,"1","1",2019
18110809,"1","1",50,5,"0","1",2019
18111468,"1","0",23,4,"0","1",2019
18111462,"1","1",19,9,"0","1",2019
18110017,"0","1",52,1,"0","1",2019
18110465,"1","1",37,1,"1","1",2019
18110350,"1","0",21,5,"0","1",2019
18110022,"1","1",66,8,"0","1",2019
18110324,"1","1",18,5,"1","1",2019
18111601,"1","1",70,3,"1","1",2019
18111505,"0","0",30,10,"0","1",2019
18110546,"1","1",23,7,"0","1",2019
18110995,"1","1",23,7,"0","1",2019
18110881,"0","1",67,10,"0","1",2019
18111089,"1","1",30,10,"0","4",2019
18111275,"1","0",34,1,"0","4",2019
18110699,"1","0",25,1,"0","4",2019
18110550,"0","1",39,1,"1","4",2019
18110299,"0","1",39,6,"1","1",2019
18110927,"1","1",68,8,"0","5",2019
18110592,"1","1",39,5,"1","1",2019
18110008,"0","0",46,5,"0","1",2019
18110113,"1","0",26,3,"0","1",2019
18110070,"1","0",45,6,"0","1",2019
18110379,"1","0",33,6,"0","1",2019
18111165,"1","0",30,6,"0","1",2019
18111515,"1","1",63,8,"0","1",2019
18110245,"1","1",34,10,"0","1",2019
18111488,"1","1",29,1,"0","9",2019
18111021,"1","1",71,9,"0","1",2019
18111058,"1","0",49,10,"0","1",2019
18111128,"1","1",56,8,"0","1",2019
18110257,"0","1",22,5,"0","9",2019
18111174,"1","0",20,4,"0","1",2019
18110091,"1","1",30,5,"0","9",2019
18111605,"1","0",18,3,"1","3",2019
18110792,"0","1",27,6,"1","1",2019
18111158,"1","1",42,3,"0","1",2019
18111040,"0","0",42,7,"0","1",2019
18111702,"0","1",45,3,"1","1",2019
18111501,"1","1",30,2,"0","1",2019
18110389,"1","0",47,6,"0","4",2019
18110269,"1","0",21,4,"1","1",2019
18110890,"0","1",19,7,"0","3",2019
18111019,"1","1",45,4,"0","1",2019
18111531,"1","1",44,7,"1","1",2019
18110089,"0","1",45,5,"1","1",2019
18110234,"1","0",52,9,"0","5",2019
18111264,"1","0",33,3,"1","1",2019
18110094,"0","1",62,8,"1","2",2019
18111445,"0","1",30,10,"1","4",2019
18110632,"0","0",57,3,"0","1",2019
18110416,"1","0",29,6,"0","1",2019
18110625,"1","0",44,6,"0","1",2019
18110852,"1","0",20,10,"1","4",2019
18110009,"1","1",29,5,"1","2",2019
18111016,"1","0",44,2,"1","1",2019
18111171,"1","1",48,7,"1","1",2019
18111129,"1","0",58,10,"1","1",2019
18111390,"1","1",18,7,"1","1",2019
18111580,"1","0",45,8,"1","1",2019
18111127,"1","0",36,4,"0","4",2019
18111418,"1","1",61,8,"0","1",2019
18110861,"1","0",20,5,"1","4",2019
18110781,"0","0",23,3,"1","1",2019
18111146,"0","1",33,5,"1","4",2019
18110205,"1","0",33,1,"0","1",2019
18110796,"1","1",34,6,"1","1",2019
18110574,"1","1",65,5,"0","1",2019
18110047,"1","0",24,7,"1","1",2019
18111426,"0","0",49,7,"0","5",2019
18110839,"1","1",35,5,"1","1",2019
18110197,"1","1",28,7,"1","4",2019
18110172,"0","1",54,5,"0","5",2019
18111440,"0","0",26,6,"1","1",2019
18110163,"1","0",60,7,"0","5",2019
18111739,"0","1",18,5,"0","4",2019
18111190,"0","1",29,3,"1","1",2019
18111420,"1","0",36,1,"1","1",2019
18111001,"1","0",23,1,"1","4",2019
18111742,"0","1",21,5,"0","1",2019
18111535,"1","1",60,1,"1","5",2019
18110580,"1","0",55,4,"0","1",2019
18110909,"1","0",42,3,"0","1",2019
18110702,"1","0",29,10,"1","4",2019
18110175,"1","0",69,3,"1","5",2019
18110764,"0","1",43,5,"0","4",2019
18111438,"1","1",66,1,"0","4",2019
18111724,"1","0",19,8,"1","1",2019
18111133,"1","1",85,5,"0","1",2019
18110772,"1","1",41,5,"1","1",2019
18110835,"0","1",24,7,"0","1",2019
18110587,"0","0",33,6,"1","1",2019
18110331,"0","1",36,1,"1","1",2019
18110975,"1","0",57,10,"1","5",2019
18110304,"1","1",30,9,"1","1",2019
18110680,"0","1",55,5,"0","1",2019
18111667,"1","0",20,1,"0","1",2019
18111368,"0","1",20,5,"1","9",2019
18110932,"0","1",50,8,"0","9",2019
18110689,"0","0",47,8,"0","1",2019
18110900,"1","1",19,5,"0","1",2019
18110429,"0","1",44,10,"0","5",2019
18110598,"1","0",31,6,"0","4",2019
18111159,"1","0",22,6,"1","1",2019
18110952,"1","1",33,8,"0","9",2019
18111741,"0","0",45,6,"0","1",2019
18110489,"0","1",21,7,"0","1",2019
18111524,"1","1",45,4,"1","1",2019
18110346,"1","0",28,1,"0","1",2019
18111663,"1","0",32,5,"1","2",2019
18111484,"1","0",47,8,"1","5",2019
18110200,"0","1",20,1,"0","1",2019
18110056,"0","1",30,7,"1","1",2019
18111600,"1","0",18,6,"1","1",2019
18110385,"1","1",28,1,"1","1",2019
18111710,"1","0",21,9,"0","1",2019
18110849,"0","1",65,8,"0","5",2019
18111290,"1","0",41,10,"0","5",2019
18111606,"1","1",42,1,"0","1",2019
18111218,"0","1",45,5,"0","1",2019
18110196,"1","1",33,1,"1","1",2019
18110685,"1","1",27,9,"1","4",2019
18110888,"0","0",23,6,"0","1",2019
18110227,"1","0",58,8,"0","1",2019
18110828,"1","1",41,2,"1","1",2019
18110355,"0","1",28,10,"0","1",2019
18111269,"1","0",56,8,"0","1",2019
18111350,"0","0",19,1,"0","1",2019
18110311,"0","1",38,3,"0","1",2019
18111114,"0","0",38,10,"0","5",2019
18111062,"0","1",55,1,"1","1",2019
18111708,"1","1",44,10,"1","5",2019
18110972,"0","1",61,4,"1","5",2019
18110492,"1","1",22,2,"0","1",2019
18110676,"0","1",38,5,"0","2",2019
18110223,"1","0",18,3,"0","1",2019
18110161,"1","0",39,10,"0","1",2019
18110220,"1","0",38,10,"0","1",2019
18110892,"0","0",51,1,"1","1",2019
18111740,"1","1",60,5,"1","5",2019
18111339,"0","1",70,8,"0","1",2019
18110986,"1","1",34,5,"1","1",2019
18111155,"1","1",19,4,"0","1",2019
18110753,"1","1",62,1,"0","1",2019
18110380,"1","0",32,6,"0","1",2019
18111379,"1","1",40,4,"0","4",2019
18111349,"0","1",18,10,"0","1",2019
18111665,"1","0",19,7,"1","1",2019
18111736,"1","0",33,4,"1","1",2019
18110951,"1","0",58,6,"0","1",2019
18111530,"1","0",45,6,"0","1",2019
18110064,"1","0",53,1,"1","1",2019
18111223,"1","1",61,3,"0","5",2019
18110740,"0","1",25,7,"0","1",2019
18111387,"1","0",19,4,"0","5",2019
18111002,"1","0",37,3,"0","1",2019
18110553,"1","1",43,5,"0","1",2019
18110351,"1","0",34,1,"0","1",2019
18111353,"1","1",66,2,"0","1",2019
18111099,"1","0",27,5,"0","1",2019
18111434,"1","1",20,6,"1","1",2019
18110761,"1","0",34,8,"0","1",2019
18110149,"1","1",30,8,"0","1",2019
18110477,"1","0",44,3,"0","5",2019
18111057,"1","1",20,8,"0","4",2019
18110335,"0","1",35,10,"0","1",2019
18111416,"1","1",18,4,"1","1",2019
18110545,"1","0",42,8,"0","1",2019
18110058,"1","0",26,4,"0","1",2019
18110586,"0","1",75,4,"0","1",2019
18110783,"0","1",46,5,"0","1",2019
18110617,"1","0",65,7,"0","1",2019
18111411,"1","1",30,8,"0","1",2019
18110936,"1","0",70,9,"0","1",2019
18110650,"0","0",20,8,"0","1",2019
18111187,"0","1",81,5,"0","1",2019
18110456,"1","0",44,6,"1","1",2019
18111090,"0","1",52,5,"1","1",2019
18111499,"1","0",43,8,"0","1",2019
18110095,"1","1",22,5,"0","1",2019
18111437,"1","1",24,10,"1","1",2019
18110372,"1","1",28,3,"1","1",2019
18110858,"0","1",71,7,"0","1",2019
18110476,"1","0",47,7,"0","1",2019
18111307,"0","1",43,5,"1","1",2019
18110554,"1","0",28,1,"0","1",2019
18110946,"1","0",43,3,"1","1",2019
18110666,"0","1",21,8,"1","1",2019
18110686,"1","0",55,9,"0","1",2019
18111298,"1","1",40,2,"0","1",2019
18110003,"1","0",57,5,"0","1",2019
18110496,"0","1",53,10,"0","1",2019
18110778,"1","0",31,2,"0","1",2019
18111589,"1","1",34,5,"1","1",2019
18110955,"1","0",22,2,"0","1",2019
18111691,"0","1",35,5,"0","1",2019
18111519,"0","0",21,4,"0","1",2019
18111562,"1","0",33,5,"1","1",2019
18110940,"1","0",49,4,"0","1",2019
18110895,"0","0",20,6,"1","4",2019
18111093,"0","1",39,4,"0","1",2019
18110579,"1","1",65,2,"0","1",2019
18111138,"0","1",21,5,"0","1",2019
18110349,"1","1",44,1,"1","1",2019
18111302,"1","0",22,6,"1","9",2019
18110252,"1","1",29,8,"0","1",2019
18111395,"1","0",33,3,"0","1",2019
18110469,"1","1",30,1,"0","4",2019
18111671,"1","1",55,5,"0","1",2019
18110569,"0","0",49,6,"0","1",2019
18110959,"0","0",56,6,"1","9",2019
18110034,"0","1",40,6,"1","1",2019
18110122,"1","1",50,3,"0","1",2019
18111028,"0","0",58,3,"0","1",2019
18110965,"1","1",29,5,"0","1",2019
18111234,"0","1",45,7,"0","1",2019
18110383,"1","0",25,5,"0","5",2019
18110188,"0","1",24,3,"1","1",2019
18110239,"1","0",32,5,"1","1",2019
18110647,"1","0",45,6,"0","4",2019
18111720,"1","1",42,1,"0","1",2019
18111329,"1","1",25,9,"1","5",2019
18110266,"0","0",56,8,"0","5",2019
18110620,"0","0",23,5,"0","1",2019
18110254,"1","0",18,8,"1","2",2019
18111085,"1","1",41,4,"0","1",2019
18110250,"1","0",79,10,"0","1",2019
18110714,"0","0",43,4,"1","1",2019
18110627,"1","1",61,7,"0","1",2019
18111444,"1","1",39,7,"0","1",2019
18110309,"1","1",84,1,"1","1",2019
18110594,"0","0",23,3,"0","1",2019
18111082,"1","0",60,7,"0","1",2019
18111305,"1","1",28,6,"1","1",2019
18110797,"1","1",22,6,"0","1",2019
18110202,"0","1",52,10,"1","1",2019
18110284,"0","1",44,5,"0","1",2019
18111056,"0","1",45,5,"1","1",2019
18111393,"1","0",39,5,"1","1",2019
18111419,"1","0",60,10,"1","1",2019
18111134,"0","1",27,5,"1","1",2019
18110026,"0","1",34,3,"1","1",2019
18110381,"1","0",46,6,"1","1",2019
18111634,"1","0",19,2,"0","1",2019
18111559,"1","1",19,1,"0","1",2019
18110886,"1","1",61,5,"0","1",2019
18110152,"1","0",30,6,"1","1",2019
18110937,"1","1",41,6,"1","1",2019
18110924,"1","0",32,8,"1","1",2019
18110356,"0","1",41,7,"1","1",2019
18111749,"0","1",49,10,"1","1",2019
18110111,"0","1",19,6,"1","4",2019
18110712,"1","0",45,1,"0","1",2019
18110695,"0","0",58,6,"0","1",2019
18111602,"1","0",24,1,"0","1",2019
18111408,"0","1",30,5,"0","4",2019
18110785,"1","1",24,9,"0","1",2019
18110294,"0","1",66,7,"0","1",2019
18110657,"1","0",32,5,"0","1",2019
18111549,"0","0",57,5,"0","1",2019
18110050,"1","0",65,7,"0","2",2019
18111660,"0","1",34,1,"0","1",2019
18111276,"1","0",38,5,"1","1",2019
18110656,"0","1",46,6,"1","1",2019
18110320,"1","0",25,5,"1","1",2019
18110724,"1","0",27,4,"1","5",2019
18110996,"1","1",79,1,"0","1",2019
18110934,"1","0",21,2,"0","5",2019
18111321,"1","0",55,8,"0","1",2019
18111594,"1","0",30,1,"1","5",2019
18110583,"1","0",47,8,"0","1",2019
18111152,"1","1",26,5,"1","1",2019
18110690,"1","1",21,4,"0","1",2019
18110468,"0","0",43,9,"0","4",2019
18110177,"1","1",30,5,"1","4",2019
18110145,"1","1",30,5,"1","5",2019
18110980,"0","0",18,5,"0","1",2019
18110207,"1","1",37,5,"1","1",2019
18111489,"0","1",57,6,"0","1",2019
18110455,"1","0",44,10,"0","5",2019
18111037,"0","1",19,5,"0","1",2019
18111622,"1","0",23,4,"1","1",2019
18110123,"1","0",43,9,"0","1",2019
18111063,"1","1",31,6,"1","1",2019
18110930,"1","0",23,5,"0","1",2019
18111282,"1","0",55,8,"0","1",2019
18110249,"1","1",41,4,"1","4",2019
18110115,"0","1",19,7,"0","1",2019
18110454,"1","1",38,5,"1","4",2019
18111303,"0","0",31,5,"0","1",2019
18110678,"1","0",22,1,"1","1",2019
18111441,"0","1",62,9,"0","1",2019
18110127,"1","1",23,1,"0","4",2019
18110976,"1","0",32,8,"0","1",2019
18110182,"1","0",21,10,"0","1",2019
18110829,"0","1",48,3,"0","1",2019
18110486,"0","0",35,9,"1","1",2019
18110731,"1","0",28,5,"0","1",2019
18110737,"1","1",59,4,"1","4",2019
18111292,"1","0",55,1,"0","1",2019
18110191,"1","1",35,4,"0","1",2019
18111126,"1","1",45,5,"1","1",2019
18111697,"1","0",36,5,"0","1",2019
18111689,"0","1",29,2,"0","1",2019
18111326,"1","0",45,4,"1","1",2019
18110815,"0","0",21,5,"1","1",2019
18110568,"0","1",38,10,"0","1",2019
18110915,"1","1",48,9,"1","1",2019
18111656,"0","1",29,1,"1","1",2019
18111216,"1","0",45,9,"1","1",2019
18111632,"1","1",38,6,"0","5",2019
18110885,"1","0",31,1,"0","5",2019
18110361,"1","0",18,1,"0","5",2019
18110571,"1","1",19,3,"0","5",2019
18110672,"1","0",31,5,"1","1",2019
18111579,"0","1",29,7,"0","1",2019
18110641,"0","0",21,10,"1","5",2019
18111205,"1","0",30,10,"0","5",2019
18111597,"0","1",40,1,"0","1",2019
18110768,"1","1",37,5,"0","1",2019
18110126,"0","0",54,9,"0","2",2019
18110584,"1","1",65,1,"0","5",2019
18111149,"1","1",26,6,"1","1",2019
18111017,"1","0",41,10,"1","5",2019
18111687,"1","1",26,2,"0","1",2019
18110953,"1","1",59,10,"0","1",2019
18111266,"1","0",43,1,"1","1",2019
18110412,"1","1",21,5,"0","1",2019
18110230,"1","1",51,4,"1","1",2019
18111648,"1","1",30,8,"0","1",2019
18110779,"0","0",77,10,"0","5",2019
18110321,"0","0",28,1,"0","1",2019
18111198,"0","0",20,10,"0","2",2019
18111064,"0","1",76,2,"0","1",2019
18110694,"1","0",20,6,"1","4",2019
18111375,"1","0",48,5,"0","1",2019
18110448,"1","0",30,3,"1","1",2019
18110655,"1","1",81,2,"0","5",2019
18111611,"1","1",36,10,"1","5",2019
18111425,"1","1",26,10,"1","1",2019
18111413,"0","0",23,5,"1","1",2019
18110593,"1","1",20,3,"0","1",2019
18111574,"1","1",49,2,"0","1",2019
18110984,"1","0",21,10,"1","1",2019
18111071,"0","1",27,5,"0","2",2019
18111317,"1","0",30,5,"1","2",2019
18110640,"1","0",18,5,"0","2",2019
18110813,"1","1",30,4,"1","1",2019
18110038,"1","1",22,7,"1","1",2019
18110386,"0","1",38,7,"0","1",2019
18110905,"1","0",56,1,"1","5",2019
18111576,"1","0",19,5,"1","1",2019
18110667,"0","0",30,5,"0","1",2019
18111676,"1","1",45,4,"0","1",2019
18110048,"1","0",33,5,"0","1",2019
18110031,"1","1",32,8,"0","1",2019
18110221,"1","1",35,7,"0","1",2019
18110602,"1","1",23,7,"1","1",2019
18110405,"1","0",47,5,"0","1",2019
18111633,"1","1",67,8,"1","1",2019
18110864,"1","0",58,6,"1","1",2019
18110614,"1","0",40,6,"1","1",2019
18110328,"0","0",27,2,"0","1",2019
18111069,"0","1",31,3,"0","1",2019
18111492,"0","1",48,4,"0","1",2019
18111047,"1","0",32,5,"1","1",2019
18110954,"0","1",52,7,"1","1",2019
18110296,"0","1",20,3,"0","9",2019
18110978,"1","0",19,5,"0","2",2019
18111512,"0","1",31,6,"1","1",2019
18111130,"1","1",21,4,"1","1",2019
18111221,"1","0",48,7,"0","1",2019
18111581,"1","1",38,6,"1","1",2019
18111429,"0","0",50,3,"0","1",2019
18110374,"1","0",33,2,"1","1",2019
18110621,"1","1",65,9,"0","1",2019
18110342,"1","0",18,7,"1","1",2019
18110591,"1","1",35,10,"1","1",2019
18110029,"1","1",22,1,"0","1",2019
18110373,"1","1",30,5,"1","1",2019
18110012,"0","1",29,7,"0","1",2019
18110432,"1","0",31,5,"1","1",2019
18111273,"0","0",54,5,"0","1",2019
18110452,"1","0",32,10,"0","4",2019
18110926,"0","1",27,4,"0","5",2019
18111046,"0","0",28,5,"0","1",2019
18111044,"1","0",20,5,"1","5",2019
18111546,"0","1",69,6,"1","4",2019
18111620,"0","0",23,4,"0","2",2019
18110894,"1","0",34,4,"0","1",2019
18111415,"1","0",28,6,"1","1",2019
18111372,"1","0",36,7,"1","1",2019
18111662,"0","0",51,9,"0","1",2019
18111469,"1","1",44,5,"1","1",2019
18110601,"1","0",22,5,"1","3",2019
18110398,"0","0",58,7,"0","1",2019
18111652,"0","1",34,7,"0","1",2019
18110863,"1","0",33,8,"0","1",2019
18111304,"0","1",62,5,"0","1",2019
18110565,"1","0",30,7,"1","1",2019
18110729,"1","0",63,6,"0","1",2019
18111732,"1","1",24,5,"0","1",2019
18110766,"0","1",57,6,"0","1",2019
18110990,"0","1",29,5,"1","1",2019
18111485,"1","0",59,7,"1","1",2019
18111386,"0","1",36,5,"1","1",2019
18111106,"1","1",55,4,"1","1",2019
18110739,"1","0",23,6,"0","1",2019
18111181,"0","1",31,5,"0","1",2019
18110295,"1","1",22,1,"1","1",2019
18111670,"1","0",23,5,"1","1",2019
18110521,"1","1",21,4,"1","4",2019
18111256,"0","1",30,1,"1","2",2019
18111154,"1","1",45,8,"0","1",2019
18111690,"1","0",40,4,"1","1",2019
18110104,"0","0",73,8,"0","1",2019
18111210,"0","1",32,6,"0","2",2019
18111677,"0","1",63,6,"0","1",2019
18110896,"0","1",23,7,"0","4",2019
18110537,"1","0",50,10,"1","1",2019
18111139,"1","0",23,1,"0","1",2019
18111503,"0","0",31,8,"1","4",2019
18110744,"0","1",20,5,"1","4",2019
18111640,"0","1",91,5,"0","1",2019
18110211,"1","1",51,10,"0","4",2019
18111189,"0","0",27,5,"0","4",2019
18110418,"1","1",44,5,"0","1",2019
18110899,"1","1",18,6,"0","1",2019
18111232,"1","1",46,4,"0","1",2019
18110735,"1","0",38,10,"0","1",2019
18110453,"1","1",32,2,"1","1",2019
18111009,"1","0",48,5,"1","1",2019
18111636,"1","1",23,5,"1","4",2019
18110275,"1","1",66,2,"0","1",2019
18110225,"0","0",69,5,"0","1",2019
18111103,"0","1",18,2,"1","1",2019
18110673,"1","0",24,3,"0","4",2019
18110434,"1","0",44,1,"0","1",2019
18110795,"1","0",23,7,"1","5",2019
18110555,"1","0",62,6,"0","1",2019
18111635,"1","0",43,5,"0","1",2019
18111243,"0","1",18,6,"0","5",2019
18110628,"1","1",25,8,"0","1",2019
18110435,"1","1",30,5,"1","1",2019
18110802,"1","1",31,8,"0","4",2019
18110447,"0","1",73,6,"0","1",2019
18111424,"0","0",22,5,"0","1",2019
18110390,"0","1",56,4,"0","1",2019
18110582,"0","1",59,6,"1","1",2019
18111322,"1","0",18,4,"0","1",2019
18111065,"1","0",36,3,"0","1",2019
18110575,"1","0",57,8,"0","1",2019
18111195,"1","1",26,7,"1","1",2019
18110153,"1","1",32,6,"1","1",2019
18110384,"1","0",35,5,"1","1",2019
18110376,"1","0",24,7,"1","1",2019
18110074,"0","0",59,7,"0","1",2019
18110243,"1","1",20,5,"0","1",2019
18111723,"0","1",39,6,"1","1",2019
18110913,"1","0",54,9,"1","2",2019
18110181,"1","1",18,9,"0","1",2019
18110253,"1","1",55,5,"0","1",2019
18110487,"1","1",18,6,"0","1",2019
18111136,"1","0",37,10,"1","1",2019
18110067,"1","1",42,6,"0","1",2019
18111514,"1","0",40,2,"0","1",2019
18110646,"0","1",34,5,"1","1",2019
18111578,"1","0",59,5,"0","1",2019
18110086,"1","0",37,1,"0","1",2019
18111240,"0","1",46,5,"0","1",2019
18111182,"0","1",61,8,"0","1",2019
18110314,"1","1",60,9,"1","5",2019
18110147,"0","0",50,8,"0","5",2019
18110987,"1","0",49,6,"0","1",2019
18111271,"0","0",48,5,"0","1",2019
18111475,"0","0",39,6,"1","1",2019
18110069,"1","0",20,3,"0","1",2019
18110557,"0","0",20,3,"1","5",2019
18111645,"0","1",46,8,"0","1",2019
18111260,"0","1",43,6,"0","1",2019
18111323,"1","0",34,4,"0","1",2019
18110589,"1","1",19,5,"1","2",2019
18110488,"0","1",23,5,"0","1",2019
18110549,"1","0",48,3,"1","1",2019
18110073,"0","1",42,5,"0","1",2019
18111450,"1","0",20,5,"1","1",2019
18110160,"0","1",46,5,"1","1",2019
18110233,"0","0",73,5,"0","1",2019
18110134,"0","0",44,4,"0","1",2019
18110577,"0","1",22,7,"0","1",2019
18111211,"1","0",74,5,"0","1",2019
18111726,"1","1",52,6,"0","1",2019
18111031,"0","1",24,8,"0","4",2019
18110717,"0","0",44,4,"0","1",2019
18110880,"1","0",30,5,"0","1",2019
18110446,"1","0",22,9,"0","1",2019
18110635,"1","0",47,5,"1","1",2019
18111599,"0","1",33,5,"0","9",2019
18110185,"1","1",40,9,"1","1",2019
18111588,"0","1",54,7,"0","1",2019
18111672,"1","0",36,1,"0","1",2019
18110726,"1","0",64,7,"0","1",2019
18110482,"1","1",60,10,"0","1",2019
18111707,"1","0",29,5,"0","5",2019
18110610,"1","1",29,5,"0","5",2019
